Data,Manaus,Itacoatiara,Iquitos,Tabatinga,Stº. Ant. Içá,Coari
01/01/2020,22.87,9.10,,11.43,,13.90
02/01/2020,22.99,9.19,,11.48,,13.96
03/01/2020,23.06,9.28,,11.53,,14.03
04/01/2020,23.12,9.30,,11.58,,14.08
05/01/2020,23.18,9.41,,11.63,,14.14
06/01/2020,23.25,9.48,,11.65,,14.19
07/01/2020,23.32,9.53,,11.67,,14.22
08/01/2020,23.38,9.61,,11.67,,14.28
09/01/2020,23.43,9.68,,11.67,,14.33
10/01/2020,23.50,9.75,,11.68,,14.38
11/01/2020,23.56,9.83,,11.70,,14.42
12/01/2020,23.63,9.90,,11.72,,14.46
13/01/2020,23.70,9.97,,11.74,,14.50
14/01/2020,23.78,10.04,,11.75,,14.54
15/01/2020,23.86,10.08,,11.75,,14.58
16/01/2020,23.95,10.14,,11.74,,14.61
17/01/2020,24.06,10.19,,11.70,,14.66
18/01/2020,24.09,10.22,,11.72,,14.69
19/01/2020,24.12,10.24,,11.72,,14.71
20/01/2020,24.16,10.33,,11.68,,14.73
21/01/2020,24.20,10.38,,11.62,,14.76
22/01/2020,24.26,10.43,,11.56,,14.84
23/01/2020,24.32,10.44,,11.49,,14.86
24/01/2020,24.36,10.44,,11.43,,14.88
25/01/2020,24.40,10.46,,11.40,,14.90
26/01/2020,24.43,10.49,,11.35,,14.92
27/01/2020,24.46,10.50,,11.30,,14.94
28/01/2020,24.51,10.53,,11.27,,14.98
29/01/2020,24.53,10.54,,11.23,,15.07
30/01/2020,24.54,10.54,,11.20,,15.10
31/01/2020,24.55,10.55,,10.80,,15.11
01/02/2020,24.56,10.56,,10.69,,15.12
02/02/2020,24.57,10.56,,10.70,,15.14
03/02/2020,24.59,10.58,,10.66,,15.14
04/02/2020,24.60,10.57,,10.62,,15.14
05/02/2020,24.61,10.58,,10.50,,15.14
06/02/2020,24.62,10.58,,10.52,,15.12
07/02/2020,24.62,10.58,,10.46,,15.12
08/02/2020,24.62,10.59,,10.46,,15.12
09/02/2020,24.61,10.59,,10.42,,15.12
10/02/2020,24.59,10.60,,10.43,,15.10
11/02/2020,24.56,10.55,,10.38,,15.08
12/02/2020,24.54,10.59,,10.32,,15.10
13/02/2020,24.54,10.61,,10.23,,15.10
14/02/2020,24.55,10.63,,10.19,,15.10
15/02/2020,24.56,10.67,,10.10,,15.10
16/02/2020,24.58,10.68,,10.02,,15.10
17/02/2020,24.60,10.70,,9.80,,15.10
18/02/2020,24.61,10.72,,9.79,,15.08
19/02/2020,24.61,10.72,,9.58,,15.08
20/02/2020,24.61,10.73,,9.50,,15.06
21/02/2020,24.59,10.75,,9.32,,15.05
22/02/2020,24.57,10.76,,9.18,,15.02
23/02/2020,24.55,10.77,,9.10,,14.98
24/02/2020,24.54,10.79,,8.99,,14.95
25/02/2020,24.53,10.82,,8.90,,14.97
26/02/2020,24.52,10.84,,8.76,,14.98
27/02/2020,24.52,10.85,,8.78,,14.95
28/02/2020,24.54,10.88,,8.80,,15.00
01/03/2020,24.55,10.91,,8.88,,14.94
02/03/2020,24.55,10.95,,8.90,,14.92
03/03/2020,24.56,10.97,,8.90,,14.90
04/03/2020,24.58,10.98,,8.90,,14.88
05/03/2020,24.60,11.02,,8.96,,14.88
06/03/2020,24.60,11.04,,8.92,,14.88
07/03/2020,24.60,11.07,,8.97,,14.88
08/03/2020,24.61,11.08,,9.06,,14.84
09/03/2020,24.63,11.12,,9.16,,14.80
10/03/2020,24.65,11.13,,9.29,,14.80
11/03/2020,24.67,11.17,,9.36,,14.80
12/03/2020,24.68,11.20,,9.42,,14.87
13/03/2020,24.69,11.23,,9.46,,14.90
14/03/2020,24.71,11.28,,9.47,,14.92
15/03/2020,24.74,11.34,,9.50,,14.94
16/03/2020,24.77,11.37,,9.55,,14.94
17/03/2020,24.80,11.41,,9.56,,14.98
18/03/2020,24.84,11.46,,9.54,,15.00
19/03/2020,24.87,11.48,,9.56,,15.05
20/03/2020,24.92,11.60,,9.59,,15.09
21/03/2020,24.96,11.63,,9.56,,15.11
22/03/2020,25.00,11.66,,9.53,,15.15
23/03/2020,25.05,11.66,,9.49,,15.17
24/03/2020,25.08,11.75,,9.47,,15.19
25/03/2020,25.10,11.76,,9.46,,15.21
26/03/2020,25.12,11.79,,9.42,,15.24
27/03/2020,25.13,11.81,,9.41,,15.25
28/03/2020,25.14,11.83,,9.36,,15.28
29/03/2020,25.16,11.83,,9.32,,15.29
30/03/2020,25.18,11.86,,9.36,,15.30
31/03/2020,25.22,11.90,,9.40,,15.32
01/04/2020,25.27,11.91,,9.35,,15.35
02/04/2020,25.34,11.94,,9.50,,15.37
03/04/2020,25.39,11.97,,9.55,,15.43
04/04/2020,25.41,12.01,,9.59,,15.45
05/04/2020,25.41,12.02,,9.68,,15.48
06/04/2020,25.41,12.04,,9.76,,15.50
07/04/2020,25.42,12.07,,9.82,,15.52
08/04/2020,25.43,12.07,,9.90,,15.54
09/04/2020,25.48,12.13,,10.00,,15.59
10/04/2020,25.53,12.15,,10.14,,15.62
11/04/2020,25.59,12.20,,10.26,,15.64
12/04/2020,25.66,12.22,,10.42,,15.70
13/04/2020,25.73,12.27,,10.50,,15.73
14/04/2020,25.77,12.32,,10.56,,15.78
15/04/2020,25.83,12.35,,10.63,,15.84
16/04/2020,25.88,12.38,,10.69,,15.88
17/04/2020,25.95,12.43,,10.73,,15.92
18/04/2020,26.02,12.44,,10.78,,15.96
19/04/2020,26.08,12.50,,10.78,,16.00
20/04/2020,26.14,12.54,,10.90,,16.05
21/04/2020,26.20,12.57,,10.96,,16.08
22/04/2020,26.25,12.64,,11.01,,16.13
23/04/2020,26.31,12.66,,11.07,,16.18
24/04/2020,26.36,12.68,,11.10,,16.20
25/04/2020,26.42,12.73,,11.12,,16.23
26/04/2020,26.49,12.80,,11.20,,16.25
27/04/2020,26.56,12.83,,11.21,,16.28
28/04/2020,26.63,12.87,,11.21,,16.38
29/04/2020,26.68,12.91,,11.21,,16.42
30/04/2020,26.72,12.94,,11.18,,16.46
01/05/2020,26.77,12.98,,11.18,,16.49
02/05/2020,26.82,13.00,,11.17,,16.51
03/05/2020,26.88,13.06,,11.22,,16.55
04/05/2020,26.95,13.07,,11.20,,16.58
05/05/2020,27.03,13.11,,11.19,,16.61
06/05/2020,27.08,13.17,,11.18,,16.64
07/05/2020,27.12,13.20,,11.16,,16.70
08/05/2020,27.19,13.23,,11.13,,16.74
09/05/2020,27.24,13.26,,11.12,,16.77
10/05/2020,27.28,13.29,,11.09,,16.79
11/05/2020,27.32,13.31,,11.07,,16.83
12/05/2020,27.36,13.35,,11.10,,16.85
13/05/2020,27.42,13.36,,11.12,,16.89
14/05/2020,27.47,13.40,,11.12,,16.91
15/05/2020,27.53,13.42,,11.12,,16.94
16/05/2020,27.59,13.45,,11.15,,16.94
17/05/2020,27.64,13.48,,11.19,,16.98
18/05/2020,27.68,13.51,,11.20,,17.01
19/05/2020,27.73,13.53,,11.21,,17.04
20/05/2020,27.79,13.55,,11.23,,17.08
21/05/2020,27.83,13.58,,11.24,,17.11
22/05/2020,27.87,13.60,,11.26,,17.12
23/05/2020,27.92,13.62,,11.33,,17.13
24/05/2020,27.97,13.70,,11.30,,17.15
25/05/2020,28.03,13.70,,11.30,,17.18
26/05/2020,28.07,13.74,,11.27,,17.19
27/05/2020,28.11,13.74,,11.26,,17.19
28/05/2020,28.17,13.78,,11.24,,17.20
29/05/2020,28.20,13.80,,11.18,,17.23
30/05/2020,28.23,13.82,,11.13,,17.25
31/05/2020,28.26,13.84,,11.07,,17.28
01/06/2020,28.28,13.88,,11.01,,17.30
02/06/2020,28.31,13.90,,10.94,,17.34
03/06/2020,28.33,13.90,,10.86,,17.36
04/06/2020,28.35,13.91,,10.80,,17.37
05/06/2020,28.38,13.90,,10.72,,17.41
06/06/2020,28.41,13.92,,10.61,,17.44
07/06/2020,28.44,13.92,,10.50,,17.47
08/06/2020,28.46,13.95,,10.36,,17.48
09/06/2020,28.47,13.95,,10.19,,17.49
10/06/2020,28.48,13.96,,10.01,,17.50
11/06/2020,28.49,13.95,,9.79,,17.53
12/06/2020,28.49,13.95,,9.58,,17.53
13/06/2020,28.49,13.96,,9.39,,17.55
14/06/2020,28.50,13.95,,9.20,,17.56
15/06/2020,28.51,13.93,,9.02,,17.57
16/06/2020,28.51,13.91,,8.84,,17.58
17/06/2020,28.51,13.92,,8.76,,17.58
18/06/2020,28.52,13.90,,8.48,,17.60
19/06/2020,28.52,13.89,,8.17,,17.60
20/06/2020,28.52,13.87,,7.98,,17.60
21/06/2020,28.51,13.85,,7.82,,17.60
22/06/2020,28.49,13.81,,7.45,,17.60
23/06/2020,28.47,13.83,,7.34,,17.60
24/06/2020,28.46,13.80,,7.24,,17.60
25/06/2020,28.45,13.79,,7.20,,17.56
26/06/2020,28.44,13.76,,7.18,,17.55
27/06/2020,28.43,13.74,,7.20,,17.54
28/06/2020,28.42,13.72,,7.26,,17.53
29/06/2020,28.40,13.71,,7.34,,17.54
30/06/2020,28.39,13.71,,7.35,,17.49
01/07/2020,28.38,13.68,,7.37,,17.47
02/07/2020,28.37,13.66,,7.39,,17.46
03/07/2020,28.35,13.63,,7.40,,17.43
04/07/2020,28.33,13.62,,7.50,,17.41
05/07/2020,28.32,13.60,,7.59,,17.39
06/07/2020,28.32,13.59,,7.71,,17.37
07/07/2020,28.32,13.58,,7.80,,17.35
08/07/2020,28.31,13.56,,7.90,,17.32
09/07/2020,28.30,13.55,,8.01,,17.31
10/07/2020,28.28,13.51,,8.05,,17.28
11/07/2020,28.26,13.50,,8.08,,17.25
12/07/2020,28.25,13.49,,8.12,,17.22
13/07/2020,28.24,13.46,,8.15,,17.19
14/07/2020,28.23,13.44,,8.18,,17.15
15/07/2020,28.20,13.41,,8.20,,17.12
16/07/2020,28.17,13.38,,8.22,,17.08
17/07/2020,28.15,13.35,,8.26,,17.04
18/07/2020,28.12,13.32,,8.31,,17.00
19/07/2020,28.09,13.29,,8.35,,16.97
20/07/2020,28.05,13.26,,8.38,,16.94
21/07/2020,28.01,13.22,,8.39,,16.90
22/07/2020,27.98,13.19,,8.37,,16.86
23/07/2020,27.94,13.15,,8.31,,16.80
24/07/2020,27.90,13.13,,8.23,,16.76
25/07/2020,27.86,13.09,,8.10,,16.70
26/07/2020,27.82,13.04,,8.01,,16.65
27/07/2020,27.77,13.00,,7.84,,16.60
28/07/2020,27.72,12.95,,7.64,,16.60
29/07/2020,27.67,12.91,,7.44,,16.55
30/07/2020,27.60,12.85,,7.24,,16.50
31/07/2020,27.54,12.81,,6.96,,16.45
01/08/2020,27.49,12.75,,6.82,,16.34
02/08/2020,27.43,12.69,,6.64,,16.28
03/08/2020,27.37,12.64,,6.44,,16.22
04/08/2020,27.30,12.59,,6.27,,16.23
05/08/2020,27.25,12.53,,6.09,,16.23
06/08/2020,27.20,12.48,,5.95,,16.11
07/08/2020,27.15,12.43,,5.85,,16.11
08/08/2020,27.09,12.37,,5.79,,15.95
09/08/2020,27.03,12.39,,5.69,,15.88
10/08/2020,26.96,12.32,,5.55,,15.80
11/08/2020,26.89,12.20,,5.34,,15.70
12/08/2020,26.84,12.14,,5.10,,15.52
13/08/2020,26.77,12.08,,4.74,,15.44
14/08/2020,26.67,12.02,,4.39,,15.34
15/08/2020,26.60,11.95,,4.10,,15.22
16/08/2020,26.53,11.88,,3.88,,15.10
17/08/2020,26.45,11.81,,3.58,,14.98
18/08/2020,26.35,11.74,,3.36,,14.83
19/08/2020,26.25,11.67,,3.10,,14.65
20/08/2020,26.15,11.59,,2.79,,14.47
21/08/2020,26.05,11.51,,2.58,,14.25
22/08/2020,25.96,11.43,,2.48,,14.25
23/08/2020,25.86,11.32,,2.44,,14.05
24/08/2020,25.76,11.25,,2.43,,13.82
25/08/2020,25.63,11.16,,2.32,,13.64
26/08/2020,25.51,11.08,,2.17,,12.98
27/08/2020,25.39,11.04,,2.02,,12.98
28/08/2020,25.26,10.88,,1.94,,12.68
29/08/2020,25.13,10.78,,2.10,,12.36
30/08/2020,25.00,10.65,,2.20,,12.00
31/08/2020,24.85,10.56,,2.42,,11.74
01/09/2020,24.67,10.45,,2.49,,11.46
02/09/2020,24.51,10.33,,2.36,,11.10
03/09/2020,24.33,10.21,,2.22,,10.83
04/09/2020,24.17,10.09,,2.02,,10.57
05/09/2020,23.98,9.94,,1.90,,10.27
06/09/2020,23.79,9.80,,1.78,,10.04
07/09/2020,23.59,9.65,,1.64,,9.80
08/09/2020,23.39,9.50,,1.58,,9.56
09/09/2020,23.17,9.34,,1.50,,9.32
10/09/2020,22.95,9.18,,1.45,,9.10
11/09/2020,22.75,8.91,,1.42,,8.87
12/09/2020,22.53,8.86,,1.38,,8.62
13/09/2020,22.29,8.66,,1.43,,8.38
14/09/2020,22.05,8.48,,1.35,,8.12
15/09/2020,21.80,8.29,,1.42,,7.88
16/09/2020,21.54,8.08,,1.44,,7.68
17/09/2020,21.28,7.85,,1.44,,7.46
18/09/2020,21.01,7.65,,1.42,,7.29
19/09/2020,20.74,7.43,,1.39,,7.12
20/09/2020,20.49,7.25,,1.42,,6.96
21/09/2020,20.24,7.05,,1.25,,6.87
22/09/2020,19.99,6.84,,1.35,,6.77
23/09/2020,19.75,6.66,,1.31,,6.65
24/09/2020,19.53,6.44,,1.28,,6.55
25/09/2020,19.27,6.23,,1.25,,6.48
26/09/2020,19.07,6.12,,1.25,,6.40
27/09/2020,18.88,5.89,,1.36,,6.32
28/09/2020,18.69,5.69,,1.62,,6.28
29/09/2020,18.49,5.51,,1.74,,6.26
30/09/2020,18.31,5.31,,2.06,,6.22
01/10/2020,18.13,5.16,,2.20,,6.19
02/10/2020,17.97,4.98,,2.31,,6.18
03/10/2020,17.81,4.84,,2.43,,6.20
04/10/2020,17.66,4.70,,2.46,,6.23
05/10/2020,17.51,4.56,,2.59,,6.32
06/10/2020,17.36,4.43,,2.67,,6.42
07/10/2020,17.28,4.35,,2.79,,6.53
08/10/2020,17.21,4.26,,2.77,,6.68
09/10/2020,17.15,4.15,,2.82,,6.80
10/10/2020,17.09,4.08,,2.82,,6.94
11/10/2020,17.04,4.01,,2.78,,7.03
12/10/2020,17.01,3.96,,2.71,,7.14
13/10/2020,16.99,3.90,,2.48,,7.24
14/10/2020,16.98,3.85,,2.38,,7.32
15/10/2020,16.97,3.85,,2.32,,7.40
16/10/2020,16.97,3.84,,2.18,,7.46
17/10/2020,16.98,3.87,,2.21,,7.50
18/10/2020,17.00,3.87,,2.10,,7.50
19/10/2020,17.02,3.88,,2.04,,7.50
20/10/2020,17.08,3.90,,1.86,,7.50
21/10/2020,17.05,3.91,,1.61,,7.46
22/10/2020,17.08,3.93,,,,7.42
23/10/2020,17.09,3.92,,1.63,,7.38
24/10/2020,17.07,3.89,,1.68,,7.34
25/10/2020,17.05,3.86,,1.83,,7.28
26/10/2020,17.02,3.84,,1.94,,7.18
27/10/2020,16.98,3.80,,2.03,,7.10
28/10/2020,16.94,3.72,,2.07,,7.00
29/10/2020,16.89,3.70,,2.34,,6.98
30/10/2020,16.85,3.69,,2.54,,6.92
31/10/2020,16.81,3.63,,2.76,,6.87
01/11/2020,16.77,3.63,,2.88,,6.81
02/11/2020,16.72,3.54,,2.85,,6.78
03/11/2020,16.66,3.57,,2.78,,6.77
04/11/2020,16.62,3.53,,2.68,,6.80
05/11/2020,16.61,3.52,,2.51,,6.86
06/11/2020,16.60,3.51,,2.36,,6.92
07/11/2020,16.60,3.48,,2.18,,6.99
08/11/2020,16.61,3.48,,2.06,,7.02
09/11/2020,16.63,3.48,,1.94,,7.10
10/11/2020,16.65,3.48,,1.88,,7.10
11/11/2020,16.66,3.47,,1.80,,7.10
12/11/2020,16.67,3.49,,1.65,,7.10
13/11/2020,16.69,3.54,,1.66,,7.00
14/11/2020,16.71,3.53,,1.62,,7.00
15/11/2020,16.74,3.58,,1.60,,6.97
16/11/2020,16.77,3.64,,1.62,,6.93
17/11/2020,16.81,3.68,,1.62,,6.88
18/11/2020,16.86,3.73,,1.58,,6.88
19/11/2020,16.92,3.78,,1.56,,6.90
20/11/2020,16.98,3.81,,1.56,,6.90
21/11/2020,17.03,3.86,,1.56,,6.90
22/11/2020,17.08,3.91,,1.76,,6.90
23/11/2020,17.14,3.90,,2.03,,6.90
24/11/2020,17.18,3.93,,2.37,,6.90
25/11/2020,17.25,3.96,,,,
26/11/2020,17.29,3.97,,2.96,,6.90
27/11/2020,17.34,4.03,,3.18,,7.02
28/11/2020,17.39,4.08,,3.49,,7.16
29/11/2020,17.45,4.12,,3.97,,7.30
30/11/2020,17.51,4.19,,4.36,,7.44
01/12/2020,17.60,4.28,,4.81,,7.59
02/12/2020,17.67,4.36,,5.15,,7.76
03/12/2020,17.76,4.43,,5.33,,7.93
04/12/2020,17.86,4.52,,5.70,,8.13
05/12/2020,17.96,4.60,,5.80,,8.32
06/12/2020,18.07,4.68,,5.96,,8.50
07/12/2020,18.18,4.77,,6.06,,8.74
08/12/2020,18.28,4.86,,6.17,,8.93
09/12/2020,18.47,4.95,,6.36,,9.15
10/12/2020,18.59,5.03,,6.57,,9.33
11/12/2020,18.71,5.12,,6.81,,9.52
12/12/2020,18.82,5.21,,7.03,,9.84
13/12/2020,18.93,5.31,,7.26,,9.87
14/12/2020,19.05,5.39,,7.49,,9.96
15/12/2020,19.13,5.51,,7.74,,10.14
16/12/2020,19.26,5.63,,8.01,,10.31
17/12/2020,19.40,5.77,,8.24,,10.43
18/12/2020,19.53,5.87,,8.48,,10.59
19/12/2020,19.65,6.01,,8.76,,10.74
20/12/2020,19.78,6.17,,8.80,,10.85
21/12/2020,19.91,6.28,,8.89,,11.00
22/12/2020,20.02,6.39,,8.98,,11.15
23/12/2020,20.16,6.49,,9.01,,11.28
24/12/2020,20.29,6.59,,9.04,,11.40
25/12/2020,20.41,6.68,,9.05,,11.50
26/12/2020,20.52,6.78,,9.10,,11.62
27/12/2020,20.62,6.87,,9.13,,11.75
28/12/2020,20.72,6.95,,9.10,,11.88
29/12/2020,20.80,7.04,,9.07,,12.00
30/12/2020,20.96,7.20,,9.02,,12.24
31/12/2020,21.11,7.33,,8.94,,12.40
01/01/2021,21.26,7.45,,8.88,,12.48
02/01/2021,21.39,7.57,,8.86,,12.58
03/01/2021,21.52,7.70,,8.85,,12.68
04/01/2021,21.63,7.83,,8.86,,12.82
05/01/2021,21.77,7.95,,8.94,,12.90
06/01/2021,21.89,8.05,,9.02,,12.98
07/01/2021,22.07,8.17,,9.13,,13.03
08/01/2021,22.13,8.29,,9.24,,13.08
09/01/2021,22.25,8.39,,9.33,,13.14
10/01/2021,22.38,8.52,,9.44,,13.23
11/01/2021,22.51,8.65,,9.49,,13.29
12/01/2021,22.62,8.72,,9.56,,13.35
13/01/2021,22.71,8.83,,9.66,,13.40
14/01/2021,22.82,8.91,,9.74,,13.48
16/01/2021,23.06,9.12,,9.86,,13.57
17/01/2021,23.12,9.22,,9.92,,13.63
18/01/2021,23.21,9.30,,9.98,,13.68
20/01/2021,23.50,9.54,,10.22,,13.88
22/01/2021,23.72,9.77,,10.24,,14.05
23/01/2021,23.80,9.86,,10.25,,14.10
24/01/2021,23.88,9.93,,10.27,,14.18
25/01/2021,23.95,10.04,,10.26,,14.24
26/01/2021,24.02,10.10,,10.27,,14.29
27/01/2021,24.11,10.20,,10.28,,14.36
28/01/2021,24.21,10.29,,10.29,,14.41
29/01/2021,24.30,10.37,,10.36,,14.46
30/01/2021,24.37,10.48,,10.41,,14.51
31/01/2021,24.43,10.53,,10.43,,14.57
01/02/2021,24.49,10.59,,10.53,,14.61
02/02/2021,24.57,10.65,,10.62,,14.65
03/02/2021,24.64,10.73,,10.69,,14.70
04/02/2021,24.68,10.78,,10.76,,14.76
05/02/2021,24.73,10.81,,10.80,,14.79
06/02/2021,24.78,10.87,,10.86,,14.85
07/02/2021,24.82,10.91,,10.92,,14.89
08/02/2021,24.87,10.97,,10.95,,14.92
09/02/2021,24.91,11.01,,10.98,,14.96
10/02/2021,24.97,11.06,,10.99,,15.09
11/02/2021,25.00,11.11,,10.98,,15.15
12/02/2021,25.06,11.17,,10.96,,15.22
13/02/2021,25.12,11.24,,10.94,,15.28
14/02/2021,25.19,11.35,,10.94,,15.32
15/02/2021,25.26,11.38,,10.94,,15.38
16/02/2021,25.35,11.45,,10.91,,15.42
17/02/2021,25.39,11.50,,10.89,,15.47
18/02/2021,25.40,11.55,,10.88,,15.49
19/02/2021,25.42,11.59,,10.83,,15.51
20/02/2021,25.46,11.65,,10.79,,15.55
21/02/2021,25.51,11.72,,10.77,,15.57
22/02/2021,25.56,11.75,,10.71,,15.59
23/02/2021,25.59,11.80,,10.63,,15.61
24/02/2021,25.63,11.82,,10.62,,15.62
25/02/2021,25.65,11.87,,10.55,,15.65
26/02/2021,25.69,11.92,,10.49,,15.68
27/02/2021,25.73,12.01,,10.48,,15.70
28/02/2021,25.75,12.05,,10.44,,15.72
01/03/2021,25.79,12.06,,10.45,,15.76
02/03/2021,25.81,12.12,,10.47,,15.80
03/03/2021,25.84,12.17,,10.50,,15.82
04/03/2021,25.88,12.23,,10.52,,15.85
05/03/2021,25.91,12.26,,10.54,,15.92
06/03/2021,25.94,12.30,,10.54,,15.93
07/03/2021,25.98,12.36,,10.58,,15.94
08/03/2021,26.02,12.39,,10.70,,15.95
09/03/2021,26.04,12.44,,10.86,,15.95
10/03/2021,26.07,12.49,,10.95,,16.05
11/03/2021,26.13,12.58,,11.02,,16.10
12/03/2021,26.19,12.62,,11.08,,16.18
13/03/2021,26.25,12.69,,11.13,,16.22
14/03/2021,26.31,12.73,,11.17,,16.25
15/03/2021,26.38,12.77,,11.19,,16.28
16/03/2021,26.41,12.82,,11.21,,16.31
17/03/2021,26.46,12.84,,11.23,,16.34
18/03/2021,26.53,12.93,,11.25,,16.41
19/03/2021,26.58,12.96,,11.27,,16.46
20/03/2021,26.63,12.98,,11.28,,16.52
21/03/2021,26.68,13.00,,11.29,,16.65
22/03/2021,26.74,13.08,,11.31,,16.67
23/03/2021,26.81,13.11,,11.33,,16.71
24/03/2021,26.90,13.17,,11.35,,16.76
25/03/2021,26.95,13.23,,11.36,,16.79
26/03/2021,26.99,13.26,,11.37,,16.83
27/03/2021,27.04,13.29,,11.37,,16.87
28/03/2021,27.10,13.30,,11.37,,16.91
29/03/2021,27.16,13.37,,11.43,,16.95
30/03/2021,27.21,13.41,,11.48,,17.00
31/03/2021,27.28,13.46,,11.51,,17.07
01/04/2021,27.34,13.52,,11.57,,17.10
02/04/2021,27.40,13.56,,11.62,,17.15
03/04/2021,27.45,13.60,,11.65,,17.20
04/04/2021,27.50,13.64,,11.68,,17.24
05/04/2021,27.54,13.67,,11.70,,17.30
06/04/2021,27.60,13.73,,11.76,,17.35
07/04/2021,27.65,13.76,,11.80,,17.38
08/04/2021,27.70,13.79,,11.83,,17.40
09/04/2021,27.75,13.81,,11.87,,17.43
10/04/2021,27.80,13.84,,11.92,,17.45
11/04/2021,27.86,13.88,,11.96,,17.50
12/04/2021,27.92,13.92,,11.99,,17.53
13/04/2021,27.96,13.94,,12.04,,17.55
14/04/2021,28.01,13.97,,12.10,,17.60
15/04/2021,28.08,14.01,,12.14,,17.64
16/04/2021,28.14,14.04,,12.19,,17.68
17/04/2021,28.21,14.10,,12.23,,17.72
18/04/2021,28.28,14.13,,12.25,,17.77
19/04/2021,28.36,14.22,,12.32,,17.80
20/04/2021,28.42,14.24,,12.34,,17.83
21/04/2021,28.48,14.27,,12.38,,17.89
22/04/2021,28.54,14.30,,12.40,,17.95
23/04/2021,28.61,14.35,,12.43,,17.98
24/04/2021,28.67,14.38,,12.44,,18.02
25/04/2021,28.72,14.43,,12.45,,18.06
26/04/2021,28.77,14.45,,12.49,,18.10
27/04/2021,28.86,14.52,,12.51,,18.15
28/04/2021,28.92,14.55,,12.56,,18.21
29/04/2021,28.98,14.58,,12.61,,18.26
30/04/2021,29.03,14.61,,12.64,,
01/05/2021,29.08,14.65,,12.70,,18.32
02/05/2021,29.12,14.69,,12.76,,18.35
03/05/2021,29.16,14.73,,12.76,,18.40
04/05/2021,29.23,14.78,,12.77,,18.42
05/05/2021,29.27,14.80,,12.77,,18.44
06/05/2021,29.30,14.84,,12.81,,18.47
07/05/2021,29.33,14.86,,12.82,,18.50
08/05/2021,29.38,14.89,,12.82,,18.52
09/05/2021,29.43,14.91,,12.80,,18.53
10/05/2021,29.47,14.94,,12.78,,18.56
11/05/2021,29.52,14.97,,12.74,,18.59
12/05/2021,29.56,14.99,,12.73,,18.62
13/05/2021,29.60,15.04,,12.71,,18.66
14/05/2021,29.64,15.06,,12.68,,18.69
15/05/2021,29.67,15.07,,12.64,,18.71
16/05/2021,29.70,15.09,,12.61,,18.73
17/05/2021,29.72,15.10,,12.60,,18.75
18/05/2021,29.74,15.13,,12.58,,18.79
19/05/2021,29.77,15.14,,12.51,,18.81
20/05/2021,29.81,15.15,,12.50,,18.83
21/05/2021,29.84,15.17,,12.48,,18.85
22/05/2021,29.86,15.17,,12.42,,18.88
23/05/2021,29.88,15.19,,12.40,,18.89
24/05/2021,29.89,15.19,,12.34,,18.90
25/05/2021,29.91,15.19,,12.32,,18.92
26/05/2021,29.92,15.19,,12.25,,18.94
27/05/2021,29.93,15.19,,12.21,,18.94
28/05/2021,29.95,15.19,,12.16,,18.95
29/05/2021,29.95,15.19,,12.10,,18.97
30/05/2021,29.97,15.19,,12.03,,18.99
31/05/2021,29.97,15.20,,12.00,,19.00
01/06/2021,29.98,15.19,,11.93,,19.01
02/06/2021,29.98,15.18,,11.87,,19.02
03/06/2021,29.98,15.18,,11.82,,19.03
04/06/2021,29.99,15.18,,11.76,,19.04
05/06/2021,30.00,15.17,,11.69,,19.06
06/06/2021,30.00,15.17,,11.61,,19.07
07/06/2021,30.00,15.16,,11.62,,19.07
08/06/2021,30.00,15.16,,11.58,,19.07
09/06/2021,30.00,15.15,,11.53,,19.08
10/06/2021,30.00,15.15,,11.48,,19.07
11/06/2021,30.00,15.14,,11.42,,19.05
12/06/2021,30.00,15.12,,11.35,,19.05
13/06/2021,30.00,15.11,,11.32,,19.05
14/06/2021,29.99,15.09,,11.27,,19.05
15/06/2021,29.99,15.09,,11.22,,19.05
16/06/2021,30.02,15.08,,11.17,,19.05
17/06/2021,30.02,15.09,,11.15,,19.08
18/06/2021,30.02,15.09,,11.11,,19.10
19/06/2021,30.02,15.08,,11.06,,19.12
20/06/2021,30.02,15.08,,11.01,,19.12
21/06/2021,30.01,15.07,,10.96,,19.12
22/06/2021,30.00,15.00,,10.92,,19.12
23/06/2021,30.01,15.06,,10.82,,19.12
24/06/2021,30.01,15.05,,10.77,,19.10
25/06/2021,30.00,15.04,,10.70,,19.09
26/06/2021,29.98,15.04,,10.60,,19.09
27/06/2021,29.98,15.03,,10.54,,19.07
28/06/2021,29.98,15.01,,10.38,,19.07
29/06/2021,29.97,15.01,,10.32,,19.06
30/06/2021,29.96,14.98,,10.22,,19.05
01/07/2021,29.94,14.97,,10.16,,19.03
02/07/2021,29.91,14.95,,10.14,,19.01
03/07/2021,29.89,14.92,,10.02,,19.00
04/07/2021,29.88,14.92,,9.88,,18.98
05/07/2021,29.87,14.92,,9.77,,18.96
06/07/2021,29.85,14.89,,9.68,,18.94
07/07/2021,29.83,14.86,,9.60,,18.93
08/07/2021,29.80,14.84,,9.27,,18.90
09/07/2021,29.77,14.82,,9.14,,18.88
10/07/2021,29.75,14.79,,9.01,,18.86
11/07/2021,29.72,14.79,,8.90,,18.85
12/07/2021,29.69,14.75,,8.76,,18.81
13/07/2021,29.67,14.72,,8.59,,18.78
14/07/2021,29.65,14.71,,8.34,,18.76
15/07/2021,29.62,14.68,,8.10,,18.72
16/07/2021,29.59,14.65,,7.88,,18.69
17/07/2021,29.52,14.62,,7.60,,18.65
18/07/2021,29.45,14.58,,7.38,,18.61
19/07/2021,29.37,14.49,,7.26,,18.56
20/07/2021,29.33,14.46,,7.14,,18.54
21/07/2021,29.30,14.43,,7.07,,18.50
22/07/2021,29.35,14.39,,7.00,,18.45
23/07/2021,29.31,14.35,,6.90,,18.39
24/07/2021,29.27,14.32,,6.74,,18.35
25/07/2021,29.22,14.28,,6.60,,18.30
26/07/2021,29.18,14.24,,6.54,,18.25
27/07/2021,29.12,14.19,,6.53,,18.19
28/07/2021,29.08,14.16,,6.57,,18.13
29/07/2021,29.02,14.11,,6.62,,18.07
30/07/2021,28.96,14.08,,6.64,,18.01
31/07/2021,28.92,14.04,,6.59,,17.97
01/08/2021,28.87,14.00,,6.45,,17.88
02/08/2021,28.82,13.95,,6.26,,17.75
03/08/2021,28.78,13.91,,6.04,,17.68
04/08/2021,28.72,13.85,,5.80,,17.61
05/08/2021,28.67,13.81,,5.62,,17.54
06/08/2021,28.62,13.76,,5.26,,17.45
07/08/2021,28.56,13.73,,5.04,,17.40
08/08/2021,28.50,13.67,,4.94,,17.32
09/08/2021,28.43,13.62,,4.76,,17.24
10/08/2021,28.38,13.54,,4.58,,17.15
11/08/2021,28.31,13.48,,4.42,,17.10
12/08/2021,28.25,13.42,,4.12,,17.05
13/08/2021,28.20,13.36,,3.86,,17.04
14/08/2021,28.15,13.34,,3.64,,16.90
15/08/2021,28.10,13.29,,3.27,,16.80
16/08/2021,28.04,13.24,,2.96,,16.70
17/08/2021,27.98,13.16,,2.62,,16.70
18/08/2021,27.90,13.15,,2.47,,16.48
19/08/2021,27.85,13.05,,2.40,,16.38
20/08/2021,27.78,13.04,,2.39,,16.25
21/08/2021,27.71,12.91,,2.32,,16.12
22/08/2021,27.64,12.91,,2.31,,15.95
23/08/2021,27.56,12.81,,2.25,,15.80
24/08/2021,27.48,12.71,,2.16,,15.62
25/08/2021,27.39,12.67,,2.09,,15.46
26/08/2021,27.30,12.61,,1.86,,15.30
27/08/2021,27.20,12.52,,1.72,,15.10
28/08/2021,27.13,12.46,,1.52,,14.90
29/08/2021,27.06,12.38,,1.38,,14.65
30/08/2021,26.98,12.32,,1.29,,14.55
31/08/2021,26.92,12.24,,1.14,,14.42
01/09/2021,26.82,12.17,,1.01,,14.29
02/09/2021,26.74,12.10,,0.86,,14.12
03/09/2021,26.63,12.00,,0.78,,13.91
04/09/2021,26.53,11.90,,0.72,,13.71
05/09/2021,26.43,11.82,,0.72,,13.51
06/09/2021,26.32,11.73,,0.80,,13.30
07/09/2021,26.20,11.63,,1.01,,12.87
08/09/2021,26.08,11.53,,1.22,,12.64
09/09/2021,25.95,11.43,,1.40,,12.64
10/09/2021,25.82,11.34,,1.58,,12.44
11/09/2021,25.69,11.30,,1.72,,12.20
12/09/2021,25.56,11.14,,1.86,,11.98
13/09/2021,25.46,11.02,,1.99,,11.75
14/09/2021,25.29,10.91,,2.07,,11.52
15/09/2021,25.13,10.80,,2.16,,11.30
16/09/2021,24.99,10.63,,2.22,,11.10
17/09/2021,24.82,10.54,,2.27,,10.92
18/09/2021,24.67,10.41,,2.32,,10.77
19/09/2021,24.52,10.36,,2.52,,10.60
20/09/2021,24.36,10.16,,2.80,,10.48
21/09/2021,24.19,10.04,,3.03,,10.30
22/09/2021,24.03,9.92,,3.17,,10.20
23/09/2021,23.87,9.79,,3.28,,10.09
24/09/2021,23.68,9.66,,3.34,,9.98
25/09/2021,23.52,9.52,,3.38,,9.90
26/09/2021,23.37,9.47,,3.42,,9.82
27/09/2021,23.22,9.32,,3.46,,9.79
28/09/2021,23.06,9.13,,3.45,,9.74
29/09/2021,22.90,8.99,,3.45,,9.70
30/09/2021,22.76,8.83,,3.52,,9.66
01/10/2021,22.62,8.73,,3.58,,9.60
02/10/2021,22.48,8.59,,3.61,,9.58
03/10/2021,22.34,8.48,,3.61,,9.54
04/10/2021,22.21,8.36,,3.34,,9.52
05/10/2021,22.07,8.23,,3.16,,9.53
06/10/2021,21.94,8.11,,2.98,,9.53
07/10/2021,21.82,8.01,,2.88,,9.50
08/10/2021,21.69,7.90,,2.82,,9.48
09/10/2021,21.58,7.80,,2.78,,9.46
10/10/2021,21.47,7.70,,2.76,,9.43
11/10/2021,21.37,7.61,,2.68,,9.38
12/10/2021,21.26,7.51,,2.62,,9.33
13/10/2021,21.16,7.41,,2.57,,9.29
14/10/2021,21.04,7.31,,2.66,,9.20
15/10/2021,20.93,7.20,,2.78,,9.12
16/10/2021,20.82,7.09,,2.86,,9.04
17/10/2021,20.70,6.97,,2.94,,8.95
18/10/2021,20.58,6.88,,3.02,,8.85
19/10/2021,20.45,6.76,,3.16,,8.77
20/10/2021,20.30,6.67,,3.30,,8.69
21/10/2021,20.15,6.56,,3.39,,8.62
22/10/2021,20.07,6.47,,3.52,,8.56
23/10/2021,19.99,6.39,,3.56,,8.51
24/10/2021,19.92,6.34,,3.56,,8.48
25/10/2021,19.85,6.26,,3.56,,8.47
26/10/2021,19.76,6.18,,3.58,,8.47
27/10/2021,19.69,6.11,,3.90,,8.54
28/10/2021,19.66,6.08,,4.22,,8.59
29/10/2021,19.63,6.03,,4.47,,8.64
31/10/2021,19.55,5.96,,4.73,,8.74
01/11/2021,19.50,5.90,,4.81,,8.79
02/11/2021,19.47,5.87,,4.92,,8.84
03/11/2021,19.45,5.85,,5.10,,8.91
04/11/2021,19.44,5.85,,5.24,,8.98
05/11/2021,19.44,5.85,,5.36,,9.04
06/11/2021,19.45,5.86,,5.50,,9.12
07/11/2021,19.46,5.88,,5.64,,9.18
08/11/2021,19.48,5.90,,5.73,,9.22
09/11/2021,19.53,5.92,,5.76,,9.28
10/11/2021,19.58,5.96,,5.77,,9.35
11/11/2021,19.63,5.98,,5.77,,9.41
12/11/2021,19.66,6.00,,5.85,,9.48
13/11/2021,19.69,6.02,,5.98,,9.60
14/11/2021,19.72,6.06,,6.09,,9.69
15/11/2021,19.76,6.08,,6.24,,9.79
16/11/2021,19.80,6.10,,6.34,,9.88
17/11/2021,19.85,6.16,,6.45,,10.00
18/11/2021,19.91,6.22,,6.59,,10.14
19/11/2021,19.99,6.31,,6.69,,10.25
20/11/2021,20.08,6.38,,6.78,,10.39
21/11/2021,20.17,6.48,,6.83,,10.49
22/11/2021,20.27,6.56,,6.84,,
23/11/2021,20.37,6.61,,6.81,,10.73
24/11/2021,20.46,6.72,,6.70,,10.86
25/11/2021,20.53,6.81,,6.57,,10.96
26/11/2021,20.61,6.83,,6.49,,11.03
27/11/2021,20.70,6.98,,6.42,,11.10
28/11/2021,20.79,7.05,,6.48,,11.17
29/11/2021,20.89,7.13,,6.52,,11.20
30/11/2021,20.97,7.21,,6.70,,11.22
01/12/2021,21.03,7.28,,6.92,,11.22
02/12/2021,21.12,7.35,,7.16,,11.22
03/12/2021,21.20,7.42,,7.40,,11.25
04/12/2021,21.28,7.50,,7.59,,11.25
05/12/2021,21.35,7.57,,7.71,,11.25
06/12/2021,21.42,7.65,,7.76,,11.27
07/12/2021,21.51,7.73,,7.83,,11.31
09/12/2021,21.69,7.92,,7.99,,11.44
10/12/2021,21.77,8.00,,8.09,,11.55
11/12/2021,21.87,8.07,,8.19,,11.64
12/12/2021,21.97,8.21,,8.26,,11.74
13/12/2021,22.08,8.31,,8.32,,11.84
14/12/2021,22.17,8.35,,8.40,,11.94
15/12/2021,22.26,8.48,,8.48,,12.07
16/12/2021,22.35,8.59,,8.56,,12.19
17/12/2021,22.44,8.73,,8.64,,12.29
18/12/2021,22.54,8.79,,8.77,,12.42
19/12/2021,22.65,8.88,,8.89,,12.51
20/12/2021,22.76,8.97,,8.99,,12.63
21/12/2021,22.85,9.06,,9.05,,12.70
22/12/2021,22.94,9.14,,9.05,,12.81
23/12/2021,23.05,9.21,,9.05,,12.90
24/12/2021,23.17,9.31,,9.10,,13.00
25/12/2021,23.27,9.40,,9.16,,13.05
26/12/2021,23.37,9.47,,9.23,,13.15
27/12/2021,23.45,9.54,,9.26,,13.22
28/12/2021,23.54,9.58,,,,13.22
29/12/2021,23.61,9.69,,9.24,,13.25
30/12/2021,23.69,9.72,,9.29,,13.31
31/12/2021,23.79,9.83,,9.31,,13.44
01/01/2022,23.87,9.92,,9.34,,13.50
02/01/2022,23.94,10.00,,9.39,,13.56
03/01/2022,24.01,10.07,,9.35,,13.62
04/01/2022,24.07,10.17,,9.31,,13.65
05/01/2022,24.11,10.22,,9.23,,13.68
06/01/2022,24.16,10.29,,9.13,,13.72
07/01/2022,24.21,10.35,,9.04,,13.72
08/01/2022,24.26,10.44,,8.92,,13.75
09/01/2022,24.31,10.49,,8.71,,13.80
10/01/2022,24.37,10.55,,8.45,,13.80
11/01/2022,24.39,10.57,,8.13,,13.83
12/01/2022,24.41,10.60,,7.71,,13.85
13/01/2022,24.42,10.60,,7.31,,13.82
14/01/2022,24.47,10.68,,6.88,,13.87
15/01/2022,24.48,10.71,,6.52,,13.84
16/01/2022,24.48,10.73,,6.13,,13.79
17/01/2022,24.48,10.74,,5.86,,13.76
18/01/2022,24.50,10.77,,5.52,,13.70
19/01/2022,24.50,10.77,,5.34,,13.63
20/01/2022,24.48,10.77,,5.09,,13.54
21/01/2022,24.44,10.76,,4.92,,13.45
22/01/2022,24.40,10.75,,4.86,,13.34
23/01/2022,24.37,10.75,,4.99,,13.23
24/01/2022,24.34,10.73,,5.17,,13.11
25/01/2022,24.29,10.73,,5.24,,12.98
26/01/2022,24.24,10.68,,5.24,,12.90
27/01/2022,24.19,10.68,,5.24,,12.79
28/01/2022,24.15,10.66,,5.30,,12.68
29/01/2022,24.11,10.64,,5.36,,12.61
30/01/2022,24.07,10.66,,5.44,,12.53
31/01/2022,24.02,10.65,,5.52,,12.44
01/02/2022,23.98,10.61,,5.70,,12.40
02/02/2022,23.94,10.59,,5.94,,12.35
03/02/2022,23.92,10.58,,6.23,,12.30
04/02/2022,23.92,10.59,,6.52,,12.27
05/02/2022,23.92,10.60,,6.70,,12.29
06/02/2022,23.92,10.60,,6.80,,12.24
07/02/2022,23.92,10.58,,6.74,,12.24
08/02/2022,23.90,10.59,,6.74,,12.23
09/02/2022,23.90,10.62,,6.83,,12.23
10/02/2022,23.88,10.61,,6.95,,12.23
11/02/2022,23.88,10.63,,7.04,,12.23
12/02/2022,23.88,10.66,,7.13,,12.27
13/02/2022,23.87,10.66,,7.22,,12.27
14/02/2022,23.86,10.67,,7.33,,12.31
15/02/2022,23.89,10.70,,7.49,,12.35
16/02/2022,23.92,10.73,,7.66,,12.37
17/02/2022,23.94,10.78,,7.96,,12.42
18/02/2022,23.96,10.79,,8.19,,12.45
19/02/2022,23.99,10.79,,8.34,,12.58
20/02/2022,24.02,10.86,,8.46,,12.66
21/02/2022,24.06,10.87,,8.55,,12.70
22/02/2022,24.09,10.91,,8.66,,12.77
23/02/2022,24.12,10.96,,8.76,,12.84
24/02/2022,24.18,11.00,,8.81,,12.98
25/02/2022,24.27,11.06,,8.77,,13.01
26/02/2022,24.33,11.12,,8.80,,13.13
27/02/2022,24.39,11.15,,8.83,,13.24
28/02/2022,24.46,11.20,,8.79,,13.34
01/03/2022,24.52,11.25,,8.75,,13.42
02/03/2022,24.59,11.31,,8.72,,13.52
03/03/2022,24.66,11.37,,8.71,,13.60
04/03/2022,24.73,11.41,,8.80,,13.67
05/03/2022,24.80,11.47,,8.92,,13.77
06/03/2022,24.87,11.52,,9.00,,13.82
07/03/2022,24.95,11.62,,9.16,,13.94
08/03/2022,25.02,11.64,,9.32,,14.12
09/03/2022,25.11,11.70,,9.52,,14.12
10/03/2022,25.19,11.77,,9.67,,14.22
11/03/2022,25.27,11.84,,9.79,,14.30
12/03/2022,25.36,11.88,,9.97,,14.37
13/03/2022,25.45,11.94,,10.12,,14.37
14/03/2022,25.55,11.97,,10.20,,14.60
15/03/2022,25.63,12.12,,10.25,,14.70
16/03/2022,25.71,12.16,,10.36,,14.79
17/03/2022,25.81,12.20,,10.49,,14.87
18/03/2022,25.90,12.26,,10.54,,14.95
19/03/2022,25.99,12.33,,10.60,,15.04
20/03/2022,26.09,12.41,,10.68,,15.12
21/03/2022,26.19,12.48,,10.71,,15.20
22/03/2022,26.30,12.56,,10.76,,15.28
23/03/2022,26.39,12.60,,10.81,,15.33
24/03/2022,26.49,12.68,,10.81,,15.41
25/03/2022,26.59,12.77,,10.94,,15.45
26/03/2022,26.69,12.83,,11.01,,15.54
27/03/2022,26.78,12.90,,11.13,,15.54
28/03/2022,26.87,12.96,,11.24,,15.58
29/03/2022,26.96,13.08,,11.40,,15.65
30/03/2022,27.06,13.18,,11.49,,15.78
31/03/2022,27.16,13.26,,11.56,,15.83
01/04/2022,27.21,13.28,,11.62,,15.88
02/04/2022,27.28,13.33,,11.69,,15.94
03/04/2022,27.36,13.42,,11.72,,16.01
04/04/2022,27.44,13.49,,11.78,,16.07
05/04/2022,27.51,13.54,,11.81,,16.14
06/04/2022,27.57,13.61,,11.83,,16.21
07/04/2022,27.63,13.66,,11.86,,16.24
08/04/2022,27.70,13.71,,11.90,,16.32
09/04/2022,27.76,13.77,,11.94,,16.38
10/04/2022,27.82,13.82,,11.96,,16.43
11/04/2022,27.87,13.88,,12.02,,16.47
12/04/2022,27.91,13.94,,12.08,,16.54
13/04/2022,27.97,13.98,,12.11,,16.60
14/04/2022,27.97,14.02,,12.14,,16.64
15/04/2022,28.05,14.04,,12.21,,16.74
16/04/2022,28.10,14.08,,12.27,,16.80
17/04/2022,28.16,14.06,,12.31,,16.84
18/04/2022,28.23,14.16,,12.43,,16.90
19/04/2022,28.30,14.20,,12.47,,16.95
20/04/2022,28.35,14.26,,12.50,,17.00
21/04/2022,28.40,14.29,,12.51,,17.07
22/04/2022,28.45,14.32,,12.53,,17.12
23/04/2022,28.49,14.36,,12.54,,17.17
24/04/2022,28.53,14.39,,12.55,,17.20
25/04/2022,28.56,14.41,,12.56,,17.26
26/04/2022,28.60,14.43,,12.59,,17.31
27/04/2022,28.63,14.44,,12.61,,17.36
28/04/2022,28.67,14.47,,12.61,,17.40
29/04/2022,28.69,14.48,,12.63,,17.42
30/04/2022,28.73,14.51,,12.66,,17.50
01/05/2022,28.77,14.54,,12.68,,17.55
02/05/2022,28.82,14.58,,12.73,,17.58
03/05/2022,28.87,14.58,,12.75,,17.63
04/05/2022,28.90,14.62,,12.78,,17.67
05/05/2022,28.95,14.62,,12.79,,17.71
06/05/2022,28.99,14.67,,12.80,,17.76
07/05/2022,29.03,14.67,,12.81,,17.80
08/05/2022,29.07,14.68,,12.82,,17.85
09/05/2022,29.10,14.71,,12.82,,17.88
10/05/2022,29.12,14.72,,12.81,,17.92
11/05/2022,29.14,14.74,,12.81,,17.97
12/05/2022,29.16,14.74,,12.79,,18.02
13/05/2022,29.19,14.74,,12.77,,18.06
14/05/2022,29.21,14.74,,12.74,,18.10
15/05/2022,29.23,14.74,,12.71,,18.13
16/05/2022,29.24,14.75,,12.70,,18.16
17/05/2022,29.26,14.75,,12.68,,18.23
18/05/2022,29.29,14.76,,12.66,,18.28
19/05/2022,29.30,14.76,,12.60,,18.30
20/05/2022,29.32,14.76,,12.58,,18.34
21/05/2022,29.34,14.76,,12.54,,18.37
22/05/2022,29.36,14.77,,12.53,,18.40
23/05/2022,29.37,14.76,,12.48,,18.42
24/05/2022,29.38,14.77,,12.46,,18.44
25/05/2022,29.39,14.76,,12.41,,18.47
26/05/2022,29.39,14.75,,12.38,,18.50
27/05/2022,29.39,14.75,,12.35,20.01,18.50
28/05/2022,29.40,14.74,,12.32,,18.52
29/05/2022,29.42,14.75,,12.31,,18.56
30/05/2022,29.44,14.75,,12.29,,18.58
31/05/2022,29.47,14.76,,12.26,,18.60
01/06/2022,29.49,14.75,,12.24,,18.61
02/06/2022,29.51,14.76,,12.24,,18.63
03/06/2022,29.51,14.75,,12.21,,18.65
04/06/2022,29.53,14.75,,12.17,,18.68
05/06/2022,29.56,14.76,,12.15,,18.70
06/06/2022,29.59,14.79,,12.12,,18.72
07/06/2022,29.61,14.78,,12.06,,18.75
08/06/2022,29.61,14.78,,11.96,,18.78
09/06/2022,29.61,14.77,,11.89,,18.78
10/06/2022,29.61,14.76,,11.83,,18.79
11/06/2022,29.62,14.76,,11.76,,18.80
12/06/2022,29.64,14.76,,11.70,,18.83
13/06/2022,29.66,14.76,,11.64,,18.84
14/06/2022,29.68,14.76,,11.59,,18.84
15/06/2022,29.70,14.77,,11.54,,18.86
16/06/2022,29.72,14.78,,11.44,,18.86
17/06/2022,29.73,14.78,,11.36,,18.87
18/06/2022,29.73,14.77,,11.19,,18.87
19/06/2022,29.73,14.77,,11.14,,18.87
20/06/2022,29.73,14.78,,11.12,,18.87
21/06/2022,29.74,14.78,,11.01,,18.86
22/06/2022,29.75,14.78,,10.92,,18.87
23/06/2022,29.75,14.78,,10.79,,18.87
24/06/2022,29.75,14.78,,10.66,,18.86
25/06/2022,29.75,14.77,,10.57,,18.85
26/06/2022,29.74,14.76,,10.32,,18.84
27/06/2022,29.73,14.75,,10.09,,18.82
28/06/2022,29.72,14.73,,9.86,,18.81
29/06/2022,29.70,14.71,,9.64,,18.80
30/06/2022,29.69,14.70,,9.32,,18.80
01/07/2022,29.67,14.66,,8.96,,18.78
02/07/2022,29.66,14.64,,8.72,,18.75
03/07/2022,29.64,14.62,,8.72,,18.72
04/07/2022,29.62,14.61,,8.49,,18.71
05/07/2022,29.59,14.59,,8.14,,18.71
06/07/2022,29.57,14.55,,7.86,,18.69
07/07/2022,29.53,14.54,,7.68,,18.66
08/07/2022,29.50,14.52,,7.49,,18.62
09/07/2022,29.47,14.49,,7.32,,18.59
10/07/2022,29.44,14.47,,7.14,,18.58
11/07/2022,29.41,14.43,,7.07,,18.53
12/07/2022,29.38,14.40,,7.03,,18.48
13/07/2022,29.34,14.36,,7.14,,18.44
14/07/2022,29.30,14.33,,7.34,,18.39
15/07/2022,29.26,14.30,,7.36,,18.34
16/07/2022,29.22,14.26,,7.31,,18.30
17/07/2022,29.17,14.21,,7.28,,18.25
18/07/2022,29.12,14.17,,7.21,,18.20
19/07/2022,29.08,14.14,,7.05,,18.15
20/07/2022,29.04,14.10,,7.01,,18.10
21/07/2022,29.00,14.05,,6.97,,18.05
22/07/2022,28.95,14.03,,6.96,,18.00
23/07/2022,28.90,13.98,,6.95,,17.91
24/07/2022,28.85,13.93,,6.94,,17.85
25/07/2022,28.81,13.91,,6.94,,17.79
26/07/2022,28.77,13.86,,6.93,,17.74
27/07/2022,28.72,13.82,,6.96,,17.66
28/07/2022,28.67,13.78,,6.99,,17.58
29/07/2022,28.61,13.74,,6.99,,17.52
30/07/2022,28.55,13.68,,6.97,,17.44
31/07/2022,28.50,13.66,,6.92,,17.37
01/08/2022,28.45,13.61,,6.82,,17.30
02/08/2022,28.40,13.56,,6.69,,17.24
03/08/2022,28.35,13.51,,6.62,,17.16
04/08/2022,28.30,13.47,,6.52,,17.09
05/08/2022,28.25,13.42,,6.44,,17.00
06/08/2022,28.20,13.38,,6.38,,16.92
07/08/2022,28.14,13.33,,6.16,,16.85
08/08/2022,28.08,13.28,,5.88,,16.78
09/08/2022,28.03,13.23,,5.62,,16.68
10/08/2022,27.96,13.17,,5.39,,16.60
11/08/2022,27.90,13.11,,5.22,,16.53
12/08/2022,27.83,13.03,,5.10,,16.43
13/08/2022,27.76,12.98,,5.08,,16.33
14/08/2022,27.70,12.95,,4.96,,16.25
15/08/2022,27.64,12.90,,4.86,,16.16
16/08/2022,27.59,12.84,,4.75,,16.08
17/08/2022,27.52,12.79,,4.68,,15.98
18/08/2022,27.46,12.74,,4.61,,15.88
19/08/2022,27.38,12.67,,4.67,,15.78
20/08/2022,27.30,12.61,,4.72,,15.68
21/08/2022,27.23,12.56,,7.77,7.34,15.58
22/08/2022,27.16,12.51,,4.65,7.08,15.46
23/08/2022,27.09,12.42,,4.59,6.99,15.34
24/08/2022,27.01,12.36,,4.30,6.90,15.22
25/08/2022,26.93,12.29,,3.98,6.78,15.10
26/08/2022,26.84,12.21,,3.82,6.64,14.98
27/08/2022,26.75,12.13,,3.61,6.48,14.86
28/08/2022,26.65,12.06,,3.58,6.32,14.74
29/08/2022,26.55,11.99,,3.58,6.19,14.67
30/08/2022,26.46,11.92,,3.58,6.08,14.52
31/08/2022,26.36,11.82,,3.56,5.95,14.38
01/09/2022,26.25,11.74,,3.49,5.80,14.25
02/09/2022,26.14,11.66,,3.28,5.67,14.10
03/09/2022,26.04,11.57,,2.85,5.49,13.98
04/09/2022,25.93,11.49,,2.60,5.34,13.82
05/09/2022,25.81,11.40,,2.58,5.05,13.67
06/09/2022,25.69,11.30,,2.44,4.84,13.49
07/09/2022,25.57,11.18,,2.32,4.58,13.33
08/09/2022,25.45,11.09,,2.17,4.26,13.14
09/09/2022,25.33,10.99,,2.02,4.04,12.97
10/09/2022,25.20,10.89,,1.90,3.80,12.78
11/09/2022,25.06,10.68,,1.74,3.60,12.57
12/09/2022,24.92,10.63,,1.63,3.30,12.31
13/09/2022,24.80,10.55,,1.57,3.12,12.06
14/09/2022,24.67,10.45,,1.53,2.92,11.75
15/09/2022,24.52,10.33,,1.51,2.74,11.47
16/09/2022,24.36,10.21,,1.48,2.62,11.20
17/09/2022,24.20,10.08,,1.30,2.48,10.96
18/09/2022,24.03,9.96,,1.12,2.34,10.63
19/09/2022,23.86,9.82,,1.01,2.20,10.36
20/09/2022,23.68,9.68,,0.90,2.00,10.08
21/09/2022,23.50,9.51,,0.79,1.86,9.81
22/09/2022,23.30,9.35,,0.71,1.72,9.53
23/09/2022,23.10,9.19,,0.58,1.58,9.25
24/09/2022,22.88,9.01,,0.46,1.48,8.98
25/09/2022,22.65,8.84,,0.52,1.49,8.71
26/09/2022,22.42,8.65,,0.56,1.53,8.44
27/09/2022,22.21,8.47,,0.64,1.60,6.84
28/09/2022,21.98,8.30,,,1.63,8.08
29/09/2022,21.74,8.12,,,1.61,7.92
30/09/2022,21.50,7.95,,0.54,1.52,7.63
01/10/2022,21.26,7.75,,0.42,1.40,7.37
02/10/2022,21.03,7.68,,0.32,1.30,7.20
03/10/2022,20.81,7.40,,0.27,1.22,7.00
04/10/2022,20.57,7.19,,0.22,1.17,6.78
05/10/2022,20.33,7.00,,0.14,1.14,6.59
06/10/2022,20.09,6.59,,0.02,1.10,6.44
07/10/2022,19.84,6.57,,0.03,1.05,6.25
08/10/2022,19.59,6.39,,0.14,0.98,6.08
09/10/2022,19.33,6.18,,0.36,0.97,5.91
10/10/2022,19.07,5.98,,0.54,0.99,5.72
11/10/2022,18.81,5.76,,0.68,1.09,5.56
12/10/2022,18.55,5.58,,0.76,1.20,5.40
13/10/2022,18.30,5.35,,0.76,1.28,5.26
14/10/2022,18.05,5.15,,0.82,1.34,5.14
15/10/2022,17.82,4.98,,0.99,1.39,5.02
16/10/2022,17.60,4.75,,1.26,1.48,5.00
17/10/2022,17.38,4.58,,1.46,1.62,4.96
18/10/2022,17.19,4.40,,1.56,1.84,4.90
19/10/2022,17.02,4.21,,1.50,2.02,4.90
20/10/2022,16.85,4.04,,1.46,2.20,4.96
21/10/2022,16.69,3.87,,1.50,2.28,5.01
22/10/2022,16.58,3.75,,1.74,2.34,5.09
23/10/2022,16.47,3.63,,2.26,2.50,5.14
24/10/2022,16.37,3.53,,2.89,2.79,5.22
25/10/2022,16.27,3.46,,3.32,3.32,5.30
26/10/2022,16.21,3.41,,3.65,3.80,5.38
27/10/2022,16.20,3.39,,4.02,4.34,5.49
28/10/2022,16.19,3.36,,4.26,4.90,5.66
29/10/2022,16.22,3.35,,4.38,5.38,5.89
30/10/2022,16.26,3.38,,4.57,5.78,6.15
31/10/2022,16.30,3.40,,4.80,6.22,6.41
01/11/2022,16.39,3.34,,4.92,6.34,6.71
02/11/2022,16.51,3.47,,5.12,6.56,7.00
03/11/2022,16.64,3.55,,5.22,6.76,7.30
04/11/2022,16.75,3.59,,5.27,6.94,7.55
05/11/2022,16.87,3.70,,5.17,7.15,7.80
06/11/2022,17.00,3.80,,5.08,6.60,8.00
07/11/2022,17.14,3.93,,4.92,6.56,8.18
08/11/2022,17.26,4.02,,4.77,6.46,8.36
09/11/2022,17.39,4.12,,4.68,6.34,8.48
10/11/2022,17.53,4.28,,4.64,6.20,8.60
11/11/2022,17.65,4.38,,4.62,5.76,8.68
12/11/2022,17.76,4.46,,4.54,5.66,8.74
13/11/2022,17.88,4.55,,4.44,5.52,8.76
14/11/2022,18.01,4.63,,4.09,5.35,8.78
15/11/2022,18.10,4.70,,3.82,5.16,8.75
16/11/2022,18.18,4.76,,3.54,4.92,8.78
17/11/2022,18.25,4.82,,3.29,4.64,8.67
18/11/2022,18.32,4.86,,3.09,4.42,8.56
19/11/2022,18.35,4.87,,2.88,4.20,8.49
20/11/2022,18.37,4.90,,2.68,4.07,8.37
21/11/2022,18.39,4.93,,2.49,3.93,8.24
22/11/2022,18.39,4.92,,2.43,3.82,8.12
23/11/2022,18.39,4.92,,2.72,3.75,8.00
24/11/2022,18.41,4.94,,3.31,3.82,7.89
25/11/2022,18.39,4.96,,3.86,4.10,7.78
26/11/2022,18.38,4.96,,4.29,4.53,7.59
27/11/2022,18.38,4.96,,4.56,5.02,7.55
28/11/2022,18.38,4.93,,4.68,5.34,7.55
29/11/2022,18.35,4.92,,4.78,5.62,7.65
30/11/2022,18.33,4.92,,4.78,5.82,7.75
01/12/2022,18.30,4.92,,4.82,5.96,7.75
02/12/2022,18.32,4.92,,4.76,,7.88
03/12/2022,18.35,4.95,,4.66,6.10,8.16
04/12/2022,18.38,5.00,,4.52,6.10,8.42
05/12/2022,18.42,5.07,,4.32,6.00,8.42
06/12/2022,18.49,5.11,,3.98,5.86,8.54
07/12/2022,18.58,5.15,,3.78,5.66,8.66
08/12/2022,18.67,5.22,,3.49,5.40,8.70
09/12/2022,18.74,5.29,,3.29,5.08,8.73
10/12/2022,18.81,5.35,,3.04,4.77,8.73
11/12/2022,18.88,5.40,,2.94,4.49,8.72
12/12/2022,18.96,5.47,,2.85,4.24,8.66
13/12/2022,19.02,5.53,,2.62,4.03,8.60
14/12/2022,19.08,5.58,,2.65,3.89,8.51
15/12/2022,19.13,5.62,,2.68,3.78,8.40
16/12/2022,19.14,5.67,,2.58,3.72,8.28
17/12/2022,19.17,5.68,,2.50,3.67,8.15
18/12/2022,19.20,5.71,,2.36,3.62,8.15
19/12/2022,19.24,5.72,,2.33,3.58,8.00
20/12/2022,19.24,5.72,,2.42,3.62,7.76
21/12/2022,19.19,5.71,,2.66,3.74,7.68
22/12/2022,19.19,5.73,,3.11,3.93,7.60
23/12/2022,19.19,5.76,,3.22,4.11,7.53
24/12/2022,19.17,5.75,,3.34,4.30,7.50
25/12/2022,19.14,5.75,,3.49,4.48,7.46
26/12/2022,19.11,5.75,,3.62,4.60,7.46
27/12/2022,19.09,5.77,,3.78,4.78,7.45
28/12/2022,19.15,5.82,,3.87,4.94,7.55
29/12/2022,19.19,5.86,,3.87,5.04,7.60
30/12/2022,19.19,5.90,,3.82,5.10,7.67
31/12/2022,19.21,5.93,,3.78,5.14,7.74
01/01/2023,19.24,6.00,,3.73,5.14,7.81
02/01/2023,19.27,6.05,,3.71,5.14,7.82
03/01/2023,19.34,6.13,,3.68,5.13,7.95
04/01/2023,19.38,6.21,,3.61,5.08,8.12
05/01/2023,19.44,6.29,,3.57,5.04,8.20
06/01/2023,19.49,6.41,,3.56,5.00,8.25
07/01/2023,19.54,6.45,,3.54,4.95,8.27
08/01/2023,19.59,6.51,,3.53,4.88,8.28
09/01/2023,19.65,6.56,,3.60,4.90,8.30
10/01/2023,19.68,6.66,,3.78,4.93,8.33
11/01/2023,19.71,6.65,,3.96,4.99,8.33
12/01/2023,19.75,6.69,,4.09,5.08,8.35
13/01/2023,19.78,6.73,,4.56,5.28,8.40
14/01/2023,19.82,6.80,,4.94,5.48,8.45
15/01/2023,19.86,6.83,,5.29,5.74,8.50
16/01/2023,19.91,6.88,,5.56,6.02,8.59
17/01/2023,19.97,6.93,,5.75,6.32,8.68
18/01/2023,20.08,6.99,,5.88,6.64,8.87
19/01/2023,20.17,7.05,,5.99,6.92,9.05
20/01/2023,20.27,7.16,,6.26,7.16,9.26
21/01/2023,20.38,7.21,,6.32,7.41,9.48
22/01/2023,20.50,7.29,,6.39,7.55,9.73
23/01/2023,20.62,7.40,,6.43,7.68,9.97
24/01/2023,20.76,7.50,,6.60,7.81,10.20
25/01/2023,20.92,7.63,,6.87,7.94,10.42
26/01/2023,21.05,7.73,,7.20,8.07,10.62
27/01/2023,21.18,7.85,,7.51,8.27,10.79
28/01/2023,21.31,7.95,,7.79,8.47,10.96
29/01/2023,21.45,8.06,,7.99,8.65,11.10
30/01/2023,21.59,8.17,,8.16,8.87,11.22
31/01/2023,21.70,8.26,,8.24,9.13,11.36
01/02/2023,21.80,8.35,,8.26,9.25,11.49
02/02/2023,21.90,8.43,,8.21,9.34,11.62
03/02/2023,22.02,8.50,,8.11,9.36,11.80
04/02/2023,22.13,8.60,,7.92,9.32,11.99
05/02/2023,22.25,8.71,,7.85,9.26,12.10
06/02/2023,22.37,8.79,,7.88,,12.23
07/02/2023,22.48,8.88,,7.62,9.08,12.35
08/02/2023,22.57,8.97,,7.52,8.98,12.42
09/02/2023,22.66,9.05,,7.42,8.80,12.50
10/02/2023,22.73,9.15,,7.34,8.70,12.58
11/02/2023,22.81,9.24,,7.28,8.64,12.62
12/02/2023,22.90,9.35,,7.40,8.58,12.65
13/02/2023,22.99,9.43,,7.48,8.60,12.68
14/02/2023,23.05,9.51,,7.55,8.73,12.72
15/02/2023,23.12,9.61,,7.64,8.78,12.75
16/02/2023,23.18,9.67,,7.87,8.84,12.80
17/02/2023,23.26,9.81,,8.04,9.00,12.84
18/02/2023,23.33,9.84,,8.10,9.13,12.89
19/02/2023,23.39,9.90,,8.24,9.28,12.93
20/02/2023,23.45,9.99,,8.49,9.47,13.03
21/02/2023,23.53,10.09,,8.63,9.64,13.16
22/02/2023,23.61,10.17,,8.75,9.78,13.25
23/02/2023,23.70,10.24,,8.90,9.90,13.36
24/02/2023,23.75,10.31,,9.01,10.03,13.45
25/02/2023,23.83,10.38,,9.09,10.16,13.55
26/02/2023,23.91,10.48,,9.15,10.31,13.67
27/02/2023,24.01,10.55,,9.20,10.44,13.75
28/02/2023,24.10,10.63,,9.23,10.51,13.85
01/03/2023,24.20,10.72,,9.26,10.57,13.90
02/03/2023,24.28,10.78,,9.30,10.62,13.97
03/03/2023,24.38,10.84,,9.33,10.62,14.04
04/03/2023,24.46,10.91,,9.36,10.65,14.08
05/03/2023,24.54,10.97,,9.39,10.66,14.15
06/03/2023,24.64,11.04,,9.42,10.68,14.20
07/03/2023,24.72,11.11,,9.52,10.69,14.26
08/03/2023,24.82,11.20,,9.60,10.69,14.32
09/03/2023,24.90,11.27,,9.70,10.77,14.38
10/03/2023,24.99,11.35,,9.78,10.84,14.44
11/03/2023,25.09,11.39,,9.90,10.91,14.49
12/03/2023,25.19,11.47,,10.06,10.98,14.55
13/03/2023,25.30,11.56,,10.22,11.12,14.64
14/03/2023,25.39,11.61,,10.34,11.20,14.69
15/03/2023,25.45,11.66,,10.43,11.30,14.75
16/03/2023,25.49,11.70,,10.52,11.37,14.80
17/03/2023,25.52,11.75,,10.60,11.48,14.84
18/03/2023,25.55,11.79,,10.63,11.55,14.89
19/03/2023,25.58,11.84,,10.68,11.60,14.93
20/03/2023,25.62,11.86,,10.73,11.67,15.00
21/03/2023,25.64,11.90,,10.75,11.72,15.04
22/03/2023,25.67,11.92,,10.79,11.76,15.06
23/03/2023,25.70,11.96,,10.82,11.82,15.10
24/03/2023,25.72,11.99,,10.82,11.84,15.15
25/03/2023,25.75,12.05,,10.85,11.89,15.20
26/03/2023,25.79,12.09,,10.86,11.98,15.25
27/03/2023,25.83,12.13,,10.87,12.01,15.30
28/03/2023,25.87,12.18,,10.88,12.03,15.34
29/03/2023,25.87,12.19,,10.91,12.08,15.40
30/03/2023,25.92,12.25,,10.91,12.09,15.45
31/03/2023,25.95,12.28,,10.91,12.10,13.85
01/04/2023,25.98,12.31,,10.92,12.11,15.55
02/04/2023,26.02,12.36,,10.99,12.14,15.63
03/04/2023,26.06,12.41,,11.01,12.14,15.69
04/04/2023,26.09,12.44,,11.04,12.17,15.75
05/04/2023,26.10,12.48,,11.07,12.18,15.81
06/04/2023,26.14,12.50,,11.08,12.18,15.86
07/04/2023,26.18,12.55,,11.12,12.20,15.91
08/04/2023,26.22,12.58,,11.20,12.24,15.96
09/04/2023,26.25,12.61,,11.24,12.25,16.00
10/04/2023,26.28,12.65,,11.32,12.28,16.05
11/04/2023,26.30,12.68,,11.37,12.33,16.09
12/04/2023,26.33,12.71,,11.39,12.33,16.14
13/04/2023,26.38,12.73,,11.41,12.37,16.17
14/04/2023,26.41,12.74,,11.44,12.40,16.22
15/04/2023,26.45,12.78,,11.48,12.43,16.27
16/04/2023,26.50,12.82,,11.52,12.48,16.32
17/04/2023,26.55,12.85,,11.56,12.52,16.37
18/04/2023,26.59,12.90,,11.59,12.54,16.40
19/04/2023,26.62,12.93,,11.60,12.56,16.42
20/04/2023,26.65,12.95,,11.60,12.58,16.45
21/04/2023,26.69,12.98,,11.63,12.60,16.49
22/04/2023,26.74,13.02,,11.71,12.65,16.52
23/04/2023,26.79,13.08,,11.71,12.67,16.59
24/04/2023,26.85,13.12,,11.72,12.82,16.62
25/04/2023,26.91,13.14,,11.79,12.84,16.66
26/04/2023,26.93,13.16,,11.81,12.88,16.70
27/04/2023,26.95,13.18,,11.84,12.87,16.72
28/04/2023,26.98,13.20,,11.87,12.90,16.77
29/04/2023,27.02,13.22,,11.91,12.93,16.79
30/04/2023,27.06,13.25,,11.94,13.06,16.83
01/05/2023,27.11,13.27,,11.96,13.07,16.86
02/05/2023,27.17,13.30,,11.98,13.11,16.89
03/05/2023,27.19,13.34,,11.98,13.12,16.91
04/05/2023,27.22,13.36,,11.96,13.13,16.93
05/05/2023,27.28,13.39,,11.96,13.15,16.97
06/05/2023,27.33,13.41,,11.95,13.17,17.01
07/05/2023,27.37,13.43,,11.94,13.15,17.04
08/05/2023,27.41,13.46,,11.92,13.17,17.07
09/05/2023,27.44,13.48,,11.90,13.19,17.11
10/05/2023,27.49,13.50,,12.04,13.21,17.14
11/05/2023,27.54,13.52,,12.05,13.27,17.17
12/05/2023,27.58,13.54,,12.02,13.28,17.24
13/05/2023,27.61,13.56,,12.00,13.28,17.26
14/05/2023,27.64,13.58,,11.96,13.31,17.24
15/05/2023,27.66,13.58,,11.93,13.31,17.31
16/05/2023,27.68,13.61,,11.91,13.33,17.35
17/05/2023,27.72,13.63,,11.90,13.33,17.38
18/05/2023,27.77,13.66,,11.86,13.33,17.42
19/05/2023,27.79,13.67,,11.82,13.32,17.45
20/05/2023,27.82,13.68,,11.76,13.34,17.46
21/05/2023,27.85,13.68,,11.72,13.31,17.48
22/05/2023,27.87,13.70,,11.70,13.31,17.51
23/05/2023,27.90,13.71,,11.66,13.30,17.53
24/05/2023,27.91,13.73,,11.50,13.29,17.57
25/05/2023,27.97,13.75,,11.64,13.29,17.59
26/05/2023,27.96,13.75,,11.58,13.29,17.59
27/05/2023,28.02,13.75,,11.54,13.29,17.63
28/05/2023,28.04,13.76,,11.49,13.27,17.65
29/05/2023,28.07,13.76,,11.42,13.26,17.67
30/05/2023,28.10,13.77,,11.37,13.23,17.69
31/05/2023,28.12,13.76,,11.31,13.22,17.71
01/06/2023,28.14,13.76,,11.26,13.18,17.69
02/06/2023,28.15,13.75,,11.21,13.18,17.74
03/06/2023,28.16,13.75,,11.16,13.18,17.75
04/06/2023,28.18,13.76,,11.11,13.14,17.77
05/06/2023,28.21,13.75,,11.05,13.12,17.79
06/06/2023,28.23,13.75,,10.95,13.11,17.81
07/06/2023,28.25,13.76,,10.87,13.08,17.83
08/06/2023,28.26,13.76,,10.86,13.07,17.85
09/06/2023,28.27,13.77,,10.85,13.04,17.85
10/06/2023,28.28,13.76,,10.75,13.02,17.87
11/06/2023,28.29,13.76,,10.84,13.00,17.89
12/06/2023,28.29,13.76,,10.81,,17.89
13/06/2023,28.30,13.74,,10.76,12.96,17.90
14/06/2023,28.30,13.74,,10.66,12.94,17.92
15/06/2023,28.30,13.74,,10.62,12.90,17.90
16/06/2023,28.30,13.71,,10.61,12.88,17.89
17/06/2023,28.29,13.70,,10.60,12.85,17.90
18/06/2023,28.28,13.71,,10.58,12.81,17.91
19/06/2023,28.27,13.69,,10.50,12.78,17.91
20/06/2023,28.26,13.68,,10.42,12.75,17.92
21/06/2023,28.24,13.66,,10.28,12.70,17.93
22/06/2023,28.22,13.64,,10.01,12.65,17.92
23/06/2023,28.21,13.63,,9.82,12.59,17.92
24/06/2023,28.19,13.61,,9.69,12.52,17.91
25/06/2023,28.17,13.59,,9.62,12.45,17.90
26/06/2023,28.16,13.57,,9.44,12.37,17.89
27/06/2023,28.13,13.54,,9.23,12.30,17.88
28/06/2023,28.10,13.52,,8.98,12.12,17.87
29/06/2023,28.07,13.48,,8.86,11.89,17.86
30/06/2023,28.04,13.46,,8.58,11.75,17.83
01/07/2023,28.02,13.43,,8.38,11.60,17.81
02/07/2023,28.00,13.41,,8.04,11.48,17.80
03/07/2023,27.98,13.39,,7.86,11.20,17.79
04/07/2023,27.96,13.36,,7.56,11.00,17.77
05/07/2023,27.93,13.33,,7.14,10.69,17.74
06/07/2023,27.90,13.30,,6.78,10.43,17.72
07/07/2023,27.87,13.27,,6.22,10.17,17.69
08/07/2023,27.84,13.23,,5.80,9.90,17.66
09/07/2023,27.80,13.20,,5.62,9.53,17.62
10/07/2023,27.76,13.17,,5.42,9.37,17.60
11/07/2023,27.72,13.13,,5.19,9.19,17.55
12/07/2023,27.68,13.10,,4.97,8.96,17.51
13/07/2023,27.65,13.06,,4.76,8.71,17.46
14/07/2023,27.61,13.03,,4.62,8.44,17.41
15/07/2023,27.58,12.99,,4.55,8.21,17.36
16/07/2023,27.54,12.94,,4.51,8.06,17.30
17/07/2023,27.50,12.91,,4.50,7.93,17.24
18/07/2023,27.46,12.87,,4.77,7.84,17.17
19/07/2023,27.42,12.82,,4.76,7.76,17.10
20/07/2023,27.38,12.78,,4.70,7.70,17.03
21/07/2023,27.34,12.73,,4.65,7.60,16.95
22/07/2023,27.29,12.69,,4.62,7.48,16.86
23/07/2023,27.24,12.63,,4.57,7.38,16.78
24/07/2023,27.18,12.58,,4.56,7.26,16.69
25/07/2023,27.15,12.53,,4.55,7.17,16.59
26/07/2023,27.11,12.49,,4.58,7.09,16.49
27/07/2023,27.07,12.44,,4.72,7.02,16.38
28/07/2023,27.03,12.37,,4.82,6.99,16.28
29/07/2023,26.96,12.32,,4.87,6.96,16.16
30/07/2023,26.88,12.26,,4.85,6.96,16.05
31/07/2023,26.80,12.20,,4.76,6.91,15.91
01/08/2023,26.73,12.14,,4.59,6.84,15.80
02/08/2023,26.66,12.07,,4.42,6.72,15.69
03/08/2023,26.60,12.02,,4.26,6.58,15.58
04/08/2023,26.51,11.97,,4.09,6.48,15.47
05/08/2023,26.44,11.90,,3.98,6.32,15.34
06/08/2023,26.36,11.82,,3.94,6.20,15.21
07/08/2023,26.28,11.77,,3.94,6.10,15.08
08/08/2023,26.21,11.69,,3.94,6.03,14.95
09/08/2023,26.14,11.63,,3.93,6.00,14.80
10/08/2023,26.06,11.57,,3.89,5.93,14.67
11/08/2023,25.99,11.51,,3.82,5.86,14.54
12/08/2023,25.91,11.44,,3.62,5.76,14.39
13/08/2023,25.82,11.37,,3.46,5.63,14.25
14/08/2023,25.73,11.29,,3.30,5.52,14.09
15/08/2023,25.65,11.21,,3.19,5.38,13.94
16/08/2023,25.57,11.14,,3.04,5.26,13.79
17/08/2023,25.48,11.08,,2.82,5.16,13.64
18/08/2023,25.38,10.97,,2.70,5.04,13.50
19/08/2023,25.27,10.88,,2.62,4.95,13.34
20/08/2023,25.16,10.80,,2.56,4.82,13.19
21/08/2023,25.05,10.70,,2.51,4.70,13.03
22/08/2023,24.94,10.61,,2.56,4.61,12.87
23/08/2023,24.83,10.52,,2.61,4.58,12.71
24/08/2023,24.71,10.41,,2.58,4.59,12.55
25/08/2023,24.58,10.31,,2.53,4.60,12.39
26/08/2023,24.45,10.21,,2.41,4.61,12.21
27/08/2023,24.32,10.10,,2.37,4.54,12.04
28/08/2023,24.18,9.97,,2.18,4.41,11.89
29/08/2023,24.05,9.87,,1.96,4.21,11.72
30/08/2023,23.91,9.75,,1.72,4.01,11.54
31/08/2023,23.76,9.63,78.02,1.64,3.80,11.38
01/09/2023,23.60,9.50,77.92,1.58,3.43,11.18
02/09/2023,23.42,9.36,77.82,1.53,3.25,10.99
03/09/2023,23.23,9.22,77.63,1.48,3.06,10.75
04/09/2023,23.04,9.08,77.53,1.36,2.85,10.52
05/09/2023,22.85,8.94,77.47,1.27,2.53,10.25
06/09/2023,22.65,8.79,77.24,1.20,2.34,10.00
07/09/2023,22.44,8.64,77.18,1.17,2.06,9.64
08/09/2023,22.22,8.46,77.11,1.08,1.74,9.42
09/09/2023,21.97,8.26,77.02,1.04,1.48,9.12
10/09/2023,21.72,8.07,76.97,0.96,1.22,8.82
11/09/2023,21.47,7.86,76.99,0.91,0.98,8.50
12/09/2023,21.19,7.66,76.99,,0.82,8.20
13/09/2023,20.91,7.45,76.98,,0.61,7.88
14/09/2023,20.63,7.23,76.96,,0.40,7.56
15/09/2023,20.31,6.99,76.90,,0.27,7.07
16/09/2023,20.00,6.73,76.84,,0.18,6.79
17/09/2023,19.68,6.49,76.79,,0.12,6.49
18/09/2023,19.36,6.26,76.80,,0.04,6.12
19/09/2023,19.00,5.97,76.75,-0.43,-0.04,5.80
20/09/2023,18.66,5.71,76.84,-0.40,-0.12,5.58
21/09/2023,18.34,5.43,77.07,-0.43,-0.02,5.30
22/09/2023,18.02,5.17,77.32,-0.39,-0.14,5.06
23/09/2023,17.70,4.89,77.39,-0.22,-0.12,4.84
24/09/2023,17.38,4.60,77.43,-0.04,-0.07,4.67
25/09/2023,17.06,4.33,77.41,0.20,0.03,4.50
26/09/2023,16.74,4.08,77.38,0.29,0.10,4.35
27/09/2023,16.41,3.79,77.26,0.30,0.35,4.22
28/09/2023,16.11,3.58,77.16,0.28,0.47,4.17
29/09/2023,15.88,3.38,77.04,0.24,0.57,4.09
30/09/2023,15.66,3.20,76.93,0.14,0.58,4.08
01/10/2023,15.46,3.02,76.82,0.01,0.55,4.08
02/10/2023,15.29,2.84,76.70,-0.11,0.46,4.11
03/10/2023,15.14,2.66,76.64,-0.16,0.36,4.13
04/10/2023,15.02,2.52,76.58,-0.28,0.28,4.16
05/10/2023,14.90,2.41,76.58,-0.36,0.22,4.16
06/10/2023,14.79,2.34,76.65,-0.50,0.16,4.12
07/10/2023,14.66,2.07,76.75,-0.63,0.08,4.12
08/10/2023,14.53,1.87,76.84,-0.70,0.02,4.07
09/10/2023,14.41,1.66,76.84,-0.71,-0.12,3.98
10/10/2023,14.29,1.43,76.80,-0.65,-0.21,3.89
11/10/2023,14.17,1.43,76.76,-0.61,-0.30,3.84
12/10/2023,14.04,1.47,76.65,-0.64,-0.34,3.66
13/10/2023,13.91,1.39,76.61,-0.67,-0.37,3.56
14/10/2023,13.78,1.31,76.66,-0.70,-0.43,3.42
15/10/2023,13.69,1.23,76.77,-0.74,-0.47,3.28
16/10/2023,13.59,1.16,76.94,-0.75,-0.49,3.20
17/10/2023,13.49,1.08,77.19,-0.64,-0.51,3.10
18/10/2023,13.38,1.00,77.49,-0.50,-0.50,3.01
19/10/2023,13.29,0.90,77.56,-0.26,-0.44,2.91
20/10/2023,13.19,0.83,77.91,-0.05,-0.34,2.84
21/10/2023,13.09,0.76,78.09,0.20,-0.18,2.80
22/10/2023,12.99,0.68,78.13,0.47,0.02,2.78
23/10/2023,12.89,0.56,78.10,0.77,0.26,2.74
24/10/2023,12.79,0.48,78.07,1.04,0.45,2.78
25/10/2023,12.73,0.41,78.03,1.19,0.68,2.82
26/10/2023,12.70,0.36,78.01,1.22,0.89,2.92
27/10/2023,12.70,0.38,78.01,1.20,1.06,3.02
28/10/2023,12.75,0.42,77.91,1.20,1.17,3.12
29/10/2023,12.80,0.48,77.84,1.19,1.20,3.26
30/10/2023,12.87,0.54,77.65,1.20,1.21,3.37
31/10/2023,12.94,0.59,77.53,1.18,1.22,3.44
01/11/2023,13.02,0.64,77.41,1.11,1.20,3.56
02/11/2023,13.08,0.69,77.27,1.01,1.14,3.58
03/11/2023,13.14,0.72,77.19,0.89,1.07,3.59
04/11/2023,13.17,0.75,77.13,0.73,1.00,3.56
05/11/2023,13.19,0.74,77.09,0.57,,3.52
06/11/2023,13.20,0.70,77.06,0.46,,3.47
07/11/2023,13.22,0.72,77.21,0.38,0.72,3.41
08/11/2023,13.20,0.66,77.49,0.46,0.58,3.37
09/11/2023,13.18,0.62,77.82,0.64,0.56,3.29
10/11/2023,13.13,0.60,78.36,0.87,0.64,3.22
11/11/2023,13.09,0.59,79.03,1.11,0.78,3.17
12/11/2023,13.07,0.62,79.49,1.52,1.04,3.12
13/11/2023,13.04,0.65,79.70,2.02,1.28,3.09
14/11/2023,13.01,0.64,79.72,2.49,1.65,3.09
15/11/2023,12.98,0.62,79.72,2.86,2.20,3.18
16/11/2023,12.96,0.62,79.73,3.21,2.55,3.27
17/11/2023,12.96,0.63,79.78,3.35,2.92,3.43
18/11/2023,12.98,0.64,79.80,3.47,3.19,3.67
19/11/2023,13.03,0.66,79.86,3.55,3.37,3.90
20/11/2023,13.11,0.69,79.89,3.63,3.50,4.20
21/11/2023,13.20,0.73,80.10,3.66,3.61,4.50
22/11/2023,13.33,0.79,80.21,3.69,3.70,4.75
23/11/2023,13.47,0.88,80.21,3.78,3.77,4.98
24/11/2023,13.65,0.98,80.13,3.80,3.86,5.15
25/11/2023,13.78,1.11,79.89,3.90,3.97,5.32
26/11/2023,13.95,1.24,79.79,3.88,4.06,5.52
27/11/2023,14.09,1.34,79.67,3.82,4.18,5.68
28/11/2023,14.25,1.48,79.61,3.77,4.27,5.80
29/11/2023,14.37,1.60,79.71,3.70,4.31,5.90
30/11/2023,14.48,1.69,79.94,3.66,4.30,6.00
01/12/2023,14.57,1.79,80.45,3.72,4.29,6.10
02/12/2023,14.65,1.85,81.06,3.95,4.31,6.18
03/12/2023,14.72,1.91,81.61,4.36,4.44,6.28
04/12/2023,14.79,1.95,81.95,4.92,4.65,6.34
05/12/2023,14.86,2.02,82.19,5.46,5.02,6.42
06/12/2023,14.92,2.05,82.44,5.94,5.46,6.52
07/12/2023,14.97,2.08,82.76,6.38,5.87,6.56
08/12/2023,15.04,2.15,82.93,6.72,6.35,6.68
09/12/2023,15.12,2.24,82.93,7.07,6.72,6.90
10/12/2023,15.25,2.32,82.98,7.22,7.12,7.12
11/12/2023,15.34,2.46,83.07,7.47,7.42,7.34
12/12/2023,15.49,2.55,83.11,7.59,7.72,7.60
13/12/2023,15.64,2.72,83.12,7.67,7.96,7.98
14/12/2023,15.79,2.87,83.13,7.75,8.14,8.15
15/12/2023,15.97,3.03,83.15,7.79,8.28,8.41
16/12/2023,16.17,3.21,83.22,7.88,8.45,8.67
17/12/2023,16.41,3.40,83.27,7.98,8.55,8.89
18/12/2023,16.55,3.57,83.31,8.03,8.67,9.10
19/12/2023,16.74,3.73,83.36,8.09,8.79,9.30
20/12/2023,16.94,3.88,83.31,8.14,8.88,9.47
21/12/2023,17.14,4.08,83.53,8.14,9.04,9.61
22/12/2023,17.29,4.23,83.75,8.26,9.18,9.78
23/12/2023,17.45,4.37,83.94,8.35,9.28,9.95
24/12/2023,17.61,4.50,84.11,8.50,9.41,10.06
25/12/2023,17.77,4.61,84.19,8.67,9.51,10.25
26/12/2023,17.94,4.74,84.27,8.79,9.62,10.40
27/12/2023,18.07,4.86,84.35,8.90,9.72,10.54
28/12/2023,18.22,4.97,84.40,9.02,9.82,10.72
29/12/2023,18.34,5.03,84.45,9.21,9.95,10.87
30/12/2023,18.49,5.17,84.48,9.33,10.07,11.02
31/12/2023,18.64,5.29,84.55,9.39,10.17,11.18
01/01/2024,18.79,5.41,84.59,9.44,10.28,11.34
02/01/2024,18.91,5.50,84.65,9.51,10.36,11.48
03/01/2024,19.04,5.65,84.65,9.56,10.44,11.60
04/01/2024,19.16,5.71,84.68,9.59,10.50,11.76
05/01/2024,19.26,5.85,84.71,9.64,10.56,11.85
06/01/2024,19.37,5.89,84.70,9.71,10.61,11.96
07/01/2024,19.47,5.98,84.69,9.74,10.68,12.05
08/01/2024,19.57,6.08,84.67,9.75,10.72,12.14
09/01/2024,19.68,6.15,84.58,9.75,10.77,12.24
10/01/2024,19.78,6.25,84.56,9.75,10.79,12.34
11/01/2024,19.87,6.35,84.58,9.68,10.84,12.44
12/01/2024,19.97,6.43,84.52,9.64,10.90,12.52
13/01/2024,20.06,6.53,84.51,9.61,10.93,12.58
14/01/2024,20.19,6.65,84.43,9.59,10.93,12.70
15/01/2024,20.32,6.78,84.40,9.58,10.90,12.78
16/01/2024,20.44,6.87,84.23,9.56,10.90,12.85
17/01/2024,20.52,6.98,84.14,9.44,10.90,12.92
18/01/2024,20.58,7.05,84.10,9.38,10.89,13.00
19/01/2024,20.65,7.12,84.05,9.36,10.88,13.04
20/01/2024,20.71,7.17,84.08,9.36,10.87,13.10
21/01/2024,20.76,7.21,84.13,9.32,10.86,13.14
22/01/2024,20.80,7.26,84.16,9.29,10.83,13.17
23/01/2024,20.85,7.30,84.29,9.28,10.81,13.20
24/01/2024,20.87,7.31,84.35,9.36,10.79,13.22
25/01/2024,20.91,7.34,84.43,9.42,10.77,13.23
26/01/2024,20.95,7.39,84.47,9.47,10.76,13.26
27/01/2024,20.99,7.49,84.50,9.51,10.79,13.27
28/01/2024,21.03,7.52,84.56,9.53,10.82,13.30
29/01/2024,21.07,7.55,84.59,9.55,10.82,13.30
30/01/2024,21.12,7.59,84.59,9.56,10.82,13.29
31/01/2024,21.17,7.64,84.48,9.58,10.83,13.30
01/02/2024,21.20,7.69,84.41,9.59,10.86,13.32
02/02/2024,21.28,7.78,84.28,9.57,10.86,13.32
03/02/2024,21.32,7.83,84.15,9.53,10.84,13.36
04/02/2024,21.37,7.89,84.04,9.51,10.82,13.38
05/02/2024,21.42,7.95,84.03,9.49,10.79,13.36
06/02/2024,21.46,8.02,84.03,9.40,10.76,13.36
07/02/2024,21.50,8.04,84.05,9.42,10.71,13.38
08/02/2024,21.54,8.09,84.07,9.42,10.67,13.38
09/02/2024,21.57,8.14,84.10,9.38,10.64,13.38
10/02/2024,21.57,8.17,84.10,9.36,10.59,13.38
11/02/2024,21.61,8.21,84.22,9.39,10.55,13.38
12/02/2024,21.65,8.26,84.34,9.44,10.54,13.38
13/02/2024,21.69,8.32,84.42,9.47,10.54,13.38
14/02/2024,21.73,8.36,84.49,9.65,10.56,13.37
15/02/2024,21.77,8.40,84.60,9.74,10.60,13.39
16/02/2024,21.80,8.42,84.77,9.87,10.64,13.39
17/02/2024,21.83,8.46,,9.94,10.70,13.40
18/02/2024,21.85,8.46,84.88,10.02,10.76,13.40
19/02/2024,21.87,8.54,84.95,10.12,10.81,13.45
20/02/2024,21.90,8.56,85.02,10.16,10.87,13.48
21/02/2024,21.92,8.59,85.07,10.22,10.94,13.51
22/02/2024,21.93,8.60,85.12,10.27,11.01,13.53
23/02/2024,21.94,8.61,85.14,10.31,11.15,13.54
24/02/2024,21.97,8.64,85.16,10.33,11.21,13.58
25/02/2024,22.01,8.67,85.16,10.35,11.31,13.62
26/02/2024,22.05,8.73,85.12,10.37,11.35,13.66
27/02/2024,22.14,8.79,85.09,10.39,11.36,13.71
28/02/2024,22.19,8.82,85.00,10.42,11.40,13.76
01/03/2024,22.27,8.94,84.73,10.40,11.43,13.83
02/03/2024,22.33,9.00,84.62,10.40,11.52,13.88
03/03/2024,22.38,9.07,84.54,10.36,11.54,13.93
04/03/2024,22.44,9.13,84.44,10.29,11.53,13.98
05/03/2024,22.49,9.17,84.36,10.21,11.50,14.02
06/03/2024,22.54,9.22,84.30,10.13,11.47,14.04
07/03/2024,22.59,9.27,84.28,10.06,11.46,14.05
08/03/2024,22.62,9.29,84.33,10.01,11.43,14.10
09/03/2024,22.65,9.33,84.42,9.99,11.38,14.13
10/03/2024,22.68,9.38,84.39,9.99,11.35,14.17
11/03/2024,22.72,9.42,84.48,10.05,11.32,14.18
12/03/2024,22.76,9.45,84.57,10.10,11.31,14.18
13/03/2024,22.79,9.48,84.59,10.15,11.32,14.14
14/03/2024,22.83,9.50,84.65,10.19,11.33,14.18
15/03/2024,22.86,9.57,84.65,10.24,11.38,14.18
16/03/2024,22.89,9.60,84.77,10.27,11.43,14.19
17/03/2024,22.93,9.65,84.84,10.31,11.48,14.22
18/03/2024,22.97,9.68,84.84,10.33,11.51,14.24
19/03/2024,23.02,9.74,84.86,10.36,11.54,14.25
20/03/2024,23.06,9.76,84.90,10.40,11.58,14.26
21/03/2024,23.11,9.81,84.92,10.41,11.61,14.32
22/03/2024,23.15,9.83,84.94,10.41,11.64,14.33
23/03/2024,23.21,9.85,85.00,10.43,11.67,14.33
24/03/2024,23.27,9.88,85.00,10.50,11.74,14.37
25/03/2024,23.33,9.97,85.00,10.53,11.78,14.41
26/03/2024,23.38,10.00,84.98,10.54,11.80,14.48
27/03/2024,23.43,10.03,84.98,10.56,11.82,14.52
28/03/2024,23.50,10.11,84.96,10.57,11.84,14.61
29/03/2024,23.55,10.15,84.96,10.53,11.84,14.67
30/03/2024,23.60,10.18,84.91,10.53,11.85,14.70
31/03/2024,23.65,10.23,84.88,10.50,11.84,14.76
01/04/2024,23.70,10.27,84.84,10.46,11.86,14.79
02/04/2024,23.73,10.32,84.78,10.43,11.87,14.85
03/04/2024,23.78,10.34,84.76,10.37,11.87,14.89
04/04/2024,23.84,10.40,84.73,10.38,11.88,14.94
05/04/2024,23.91,10.44,84.73,10.39,11.86,15.01
06/04/2024,23.96,10.51,84.68,10.36,11.85,15.07
07/04/2024,24.01,10.55,84.71,10.30,11.83,15.14
08/04/2024,24.05,10.58,84.74,10.28,11.80,15.19
09/04/2024,24.11,10.62,84.75,10.28,11.77,15.22
10/04/2024,24.14,10.67,84.76,10.27,11.73,15.27
11/04/2024,24.20,10.69,84.78,10.30,11.72,15.29
12/04/2024,24.30,10.75,84.79,10.31,11.69,15.31
13/04/2024,24.35,10.84,84.79,10.31,11.66,15.39
14/04/2024,24.40,10.89,84.78,10.31,11.64,15.41
15/04/2024,24.46,10.92,84.76,10.30,11.61,15.42
16/04/2024,24.51,10.96,84.74,10.28,11.59,15.45
17/04/2024,24.58,11.00,84.72,10.30,11.57,15.50
18/04/2024,24.66,11.06,84.65,10.32,11.55,15.52
19/04/2024,24.72,11.13,84.60,10.32,11.60,15.57
20/04/2024,24.78,11.19,84.51,10.28,11.59,15.64
21/04/2024,24.84,11.24,84.45,10.26,11.59,15.65
22/04/2024,24.90,11.30,84.39,10.18,11.59,15.66
23/04/2024,24.96,11.35,84.36,10.14,11.59,15.67
24/04/2024,25.02,11.39,84.30,10.19,11.63,15.67
25/04/2024,25.11,11.44,84.39,10.14,11.63,15.71
26/04/2024,25.17,11.51,84.46,10.09,11.63,15.72
27/04/2024,25.21,11.55,84.56,10.07,11.63,15.74
28/04/2024,25.25,11.58,84.64,10.06,11.61,15.75
29/04/2024,25.29,11.61,84.69,10.13,11.60,15.75
30/04/2024,25.34,11.65,84.74,10.17,11.59,15.78
01/05/2024,25.38,11.68,84.74,10.23,11.59,15.80
02/05/2024,25.41,11.71,84.77,10.24,11.58,15.81
03/05/2024,25.46,11.74,84.77,10.24,11.58,15.83
04/05/2024,25.50,11.75,84.74,10.22,11.57,15.84
05/05/2024,25.54,11.79,84.69,10.21,11.57,15.88
06/05/2024,25.57,11.80,84.64,10.18,11.58,15.88
07/05/2024,25.61,11.83,84.61,10.15,11.58,15.90
08/05/2024,25.65,11.86,84.62,10.11,11.57,15.91
09/05/2024,25.67,11.86,84.59,10.07,11.54,15.92
10/05/2024,25.70,11.87,84.59,10.09,11.54,15.94
11/05/2024,25.73,11.89,84.61,10.10,11.52,15.95
12/05/2024,25.75,11.91,84.63,10.10,11.50,15.96
13/05/2024,25.77,11.92,84.62,10.11,11.49,15.99
14/05/2024,25.80,11.95,84.62,10.09,11.48,16.00
15/05/2024,25.82,11.95,84.55,10.09,11.47,16.00
16/05/2024,25.85,11.95,84.55,10.25,11.51,16.04
17/05/2024,25.89,11.97,84.53,10.23,11.52,16.05
18/05/2024,25.94,12.01,84.49,10.25,11.53,16.05
19/05/2024,25.99,12.03,84.45,10.26,11.56,16.07
20/05/2024,26.04,12.06,84.53,10.27,11.58,16.10
21/05/2024,26.09,12.08,84.53,10.25,11.59,16.10
22/05/2024,26.12,12.09,84.49,10.24,11.60,16.11
23/05/2024,26.15,12.10,84.48,10.24,11.60,16.14
24/05/2024,26.18,12.11,84.47,10.25,11.60,16.14
25/05/2024,26.21,12.12,84.50,10.22,11.63,16.19
26/05/2024,26.24,12.13,84.51,10.14,11.65,16.21
27/05/2024,26.26,12.16,84.51,10.18,11.68,16.24
28/05/2024,26.32,12.18,84.50,10.23,11.68,16.25
29/05/2024,26.36,12.19,84.49,10.19,11.68,16.27
30/05/2024,26.40,12.22,84.44,10.14,11.67,16.27
31/05/2024,26.44,12.23,84.30,10.09,11.66,16.27
01/06/2024,26.49,12.27,84.25,10.02,11.65,16.27
02/06/2024,26.52,12.28,84.22,9.96,11.64,16.27
03/06/2024,26.55,12.29,84.16,9.86,11.60,16.30
04/06/2024,26.58,12.29,84.09,9.76,11.58,16.31
05/06/2024,26.61,12.30,83.99,9.64,11.54,16.35
06/06/2024,26.63,12.31,83.93,9.54,11.68,16.36
07/06/2024,26.66,12.32,83.72,9.46,11.65,16.39
08/06/2024,26.69,12.32,83.53,9.38,11.58,16.41
09/06/2024,26.71,12.33,83.37,9.29,11.54,16.43
10/06/2024,26.73,12.35,83.15,9.17,11.49,16.44
11/06/2024,26.75,12.35,82.91,9.08,11.43,16.45
12/06/2024,26.78,12.35,82.71,8.96,11.36,16.46
13/06/2024,26.81,12.35,82.45,8.64,11.28,16.48
14/06/2024,26.83,12.35,82.27,8.43,11.15,16.49
15/06/2024,26.84,12.35,82.21,8.14,11.04,16.49
16/06/2024,26.85,12.33,81.87,7.89,10.89,16.50
17/06/2024,26.85,12.31,81.75,7.60,10.72,16.50
18/06/2024,26.85,12.30,81.75,7.34,10.52,16.48
19/06/2024,26.85,12.29,81.75,7.12,10.31,16.47
20/06/2024,26.85,12.27,81.81,6.90,10.11,16.47
21/06/2024,26.85,12.25,81.97,6.79,9.98,16.46
22/06/2024,26.85,12.24,82.10,6.74,9.77,16.43
23/06/2024,26.84,12.22,82.18,6.72,9.63,16.41
24/06/2024,26.84,12.22,82.16,6.71,9.50,16.38
25/06/2024,26.83,12.19,82.18,6.71,9.38,16.36
26/06/2024,26.83,12.18,82.26,6.70,9.30,16.32
27/06/2024,26.82,12.17,82.38,6.70,9.19,16.28
28/06/2024,26.82,12.16,82.49,6.70,9.11,16.24
29/06/2024,26.81,12.14,82.48,6.74,9.05,16.19
30/06/2024,26.80,12.13,82.37,6.79,9.00,16.14
01/07/2024,26.79,12.11,82.23,6.81,8.99,16.10
02/07/2024,26.78,12.11,81.98,6.79,8.95,16.05
03/07/2024,26.76,12.08,81.77,6.69,8.90,16.00
04/07/2024,26.73,12.04,81.51,6.52,8.86,15.93
05/07/2024,26.70,12.02,81.27,6.32,8.80,15.89
06/07/2024,26.68,11.99,81.09,6.08,8.67,15.84
07/07/2024,26.65,11.95,81.03,5.94,8.50,15.77
08/07/2024,26.61,11.91,81.11,5.79,8.34,15.71
09/07/2024,26.57,11.88,81.22,5.70,8.19,15.65
10/07/2024,26.53,11.85,81.24,5.70,8.04,15.58
11/07/2024,26.49,11.76,81.22,5.79,7.94,15.50
12/07/2024,26.45,11.76,81.17,5.84,7.89,15.44
13/07/2024,26.41,11.72,81.14,5.87,7.89,15.36
14/07/2024,26.36,11.69,81.03,5.82,7.84,15.25
15/07/2024,26.31,11.65,80.87,5.76,7.78,15.18
16/07/2024,26.26,11.61,80.64,5.64,7.72,15.10
17/07/2024,26.20,11.56,80.55,5.48,7.62,15.00
18/07/2024,26.14,11.50,80.71,5.28,7.52,14.90
19/07/2024,26.07,11.44,80.92,5.11,7.38,14.81
20/07/2024,26.00,11.38,81.02,4.96,7.25,14.72
21/07/2024,25.93,11.31,80.99,4.88,7.13,14.62
22/07/2024,25.86,11.27,80.87,4.90,7.07,14.50
23/07/2024,25.79,11.21,80.70,4.89,6.98,14.40
24/07/2024,25.71,11.15,80.49,4.83,6.93,14.29
25/07/2024,25.64,11.08,80.24,4.69,6.88,14.17
26/07/2024,25.57,11.02,79.99,4.50,6.80,14.05
27/07/2024,25.50,10.95,79.74,4.28,6.65,14.00
28/07/2024,25.42,10.89,79.49,4.08,6.50,13.82
29/07/2024,25.34,10.83,79.36,3.84,6.30,13.70
30/07/2024,25.26,10.76,78.92,3.56,6.10,13.58
31/07/2024,25.18,10.68,78.61,3.32,5.80,13.45
01/08/2024,25.09,10.60,78.32,3.05,5.56,13.31
02/08/2024,24.99,10.53,78.07,2.74,5.24,13.31
03/08/2024,24.86,10.46,77.88,2.44,4.89,13.00
04/08/2024,24.73,10.37,77.64,2.14,4.54,12.87
05/08/2024,24.60,10.28,77.46,1.84,4.20,12.70
06/08/2024,24.50,10.19,77.33,1.54,3.81,12.53
07/08/2024,24.40,10.10,77.23,1.25,3.47,12.33
08/08/2024,24.29,10.00,77.11,0.96,3.11,12.12
09/08/2024,24.20,9.90,77.03,0.72,2.88,11.91
10/08/2024,24.10,9.80,76.93,0.52,2.60,11.68
11/08/2024,23.99,9.68,76.84,0.39,2.32,11.52
12/08/2024,23.87,9.58,76.84,0.27,2.05,11.16
13/08/2024,23.76,9.47,76.90,0.20,1.82,10.90
14/08/2024,23.63,9.36,76.96,0.13,1.60,10.63
15/08/2024,23.45,9.25,76.99,0.09,1.47,10.34
16/08/2024,23.28,9.12,77.02,0.06,1.34,10.04
17/08/2024,23.11,8.98,77.03,0.03,0.98,9.75
18/08/2024,22.94,8.84,77.04,0.02,0.94,9.45
19/08/2024,22.76,8.70,77.02,0.02,0.86,9.12
20/08/2024,22.56,8.54,76.98,0.07,0.76,8.86
21/08/2024,22.36,8.39,76.90,0.12,0.76,8.55
22/08/2024,22.15,8.22,76.80,0.08,0.76,8.22
23/08/2024,21.93,8.06,76.66,0.04,0.74,7.94
24/08/2024,21.71,7.90,76.51,-0.09,0.72,7.64
25/08/2024,21.48,7.72,76.47,-0.19,0.76,7.35
26/08/2024,21.24,7.54,76.34,-0.31,0.71,7.10
27/08/2024,21.01,7.36,76.21,-0.44,0.61,6.88
28/08/2024,20.77,7.16,76.15,-0.60,0.54,6.65
29/08/2024,20.53,6.92,76.11,-0.78,0.44,6.44
30/08/2024,20.27,6.77,76.10,-0.94,0.06,6.23
31/08/2024,20.02,6.57,76.10,-1.11,-0.03,6.06
01/09/2024,19.78,6.36,76.04,-1.21,-0.14,5.85
02/09/2024,19.53,6.15,76.05,-1.33,-0.22,5.67
03/09/2024,19.26,5.93,76.05,-1.35,-0.32,5.53
04/09/2024,19.01,5.72,76.03,-1.31,-0.42,5.33
05/09/2024,18.75,5.50,75.98,-1.25,-0.52,5.16
06/09/2024,18.49,5.28,75.93,-1.23,-0.56,4.99
07/09/2024,18.23,5.20,75.88,-1.26,-0.60,4.80
08/09/2024,17.98,4.92,75.87,-1.32,-0.66,4.60
09/09/2024,17.73,4.74,75.87,-1.42,-0.71,4.40
10/09/2024,17.47,4.54,75.86,-1.56,-0.80,4.20
11/09/2024,17.21,4.34,75.83,-1.63,-0.90,3.97
12/09/2024,16.97,4.10,75.75,-1.71,-0.99,3.74
13/09/2024,16.75,3.82,75.66,-1.79,-1.09,3.50
14/09/2024,16.50,3.58,75.60,-1.83,-1.19,3.30
15/09/2024,16.25,3.36,75.54,-1.87,-1.28,3.12
16/09/2024,15.99,3.16,75.49,-1.91,-1.37,2.94
17/09/2024,15.77,2.94,75.47,-1.97,-1.43,2.74
18/09/2024,15.53,2.75,75.37,-2.02,-1.50,2.60
19/09/2024,15.29,2.59,75.30,-2.13,-1.56,2.60
20/09/2024,15.08,2.44,75.28,-2.23,-1.65,2.51
21/09/2024,14.87,2.28,75.23,-2.28,-1.72,2.40
22/09/2024,14.68,2.12,75.19,-2.37,-1.78,2.30
23/09/2024,14.49,1.97,75.18,-2.45,-1.65,2.12
24/09/2024,14.30,1.82,75.23,-2.51,-1.77,2.06
25/09/2024,14.11,1.62,75.28,-2.51,-1.86,1.93
26/09/2024,13.92,1.42,75.37,-2.54,-1.94,1.82
27/09/2024,13.73,1.23,75.40,-2.49,-1.97,1.70
28/09/2024,13.54,1.04,75.42,-2.44,-1.99,1.60
29/09/2024,13.36,0.86,75.40,-2.40,-1.96,1.49
30/09/2024,13.19,0.69,75.42,-2.30,-1.95,1.43
01/10/2024,13.05,0.61,75.42,-2.19,-1.94,1.34
02/10/2024,12.91,0.51,75.45,-2.04,-1.91,1.28
03/10/2024,12.77,0.41,75.45,-1.98,-1.83,1.22
04/10/2024,12.66,0.32,75.46,-1.99,-1.77,1.21
05/10/2024,12.53,0.25,75.41,-2.08,-1.68,1.16
06/10/2024,12.41,0.22,75.44,-2.16,-1.62,1.12
07/10/2024,12.29,0.13,75.49,-2.26,-1.60,1.10
08/10/2024,12.17,0.08,75.66,-2.34,-1.68,1.12
09/10/2024,12.11,0.04,75.64,-2.35,-1.72,1.14
10/10/2024,12.11,0.02,75.76,-2.35,-1.72,1.17
11/10/2024,12.11,-0.03,75.88,-2.18,-1.71,1.19
12/10/2024,12.11,-0.09,,-2.04,-1.67,1.19
13/10/2024,12.12,-0.11,76.13,-1.98,-1.62,1.19
14/10/2024,12.13,-0.11,76.20,-1.82,-1.55,1.20
15/10/2024,12.16,-0.08,76.24,-1.71,-1.50,1.22
16/10/2024,12.20,-0.03,76.29,-1.65,-1.45,1.24
17/10/2024,12.25,0.03,76.45,-1.50,-1.33,1.27
18/10/2024,12.30,0.07,76.52,-1.44,-1.28,1.30
19/10/2024,12.34,0.12,76.58,-1.39,-1.25,1.33
20/10/2024,12.37,0.17,76.69,-1.26,-1.21,1.35
21/10/2024,12.40,0.21,76.84,-1.14,-1.15,1.41
22/10/2024,12.46,0.25,76.90,-1.01,-1.05,1.40
23/10/2024,12.50,0.29,76.79,-0.80,-0.93,1.42
24/10/2024,12.50,0.23,76.48,-0.69,-0.72,1.41
25/10/2024,12.46,0.16,76.28,-0.50,-0.56,1.42
26/10/2024,12.41,0.06,76.13,-0.44,-0.41,1.42
27/10/2024,12.35,-0.01,76.05,-0.52,-0.32,1.44
28/10/2024,12.29,-0.06,76.08,-0.64,-0.62,1.44
29/10/2024,12.25,-0.11,76.25,-0.79,-0.61,1.55
30/10/2024,12.21,-0.15,76.65,-0.98,-0.60,1.61
31/10/2024,12.18,-0.17,77.24,-0.98,-0.62,1.68
01/11/2024,12.18,-0.18,77.95,-0.81,-0.64,1.71
02/11/2024,12.18,-0.14,78.77,-0.30,-0.62,1.74
03/11/2024,12.18,-0.12,79.29,0.38,-0.46,1.76
04/11/2024,12.17,-0.13,79.60,1.13,-0.02,1.77
05/11/2024,12.18,-0.08,79.78,1.86,0.53,1.78
06/11/2024,12.18,-0.11,79.89,2.43,1.26,1.84
07/11/2024,12.19,-0.13,79.85,2.75,1.94,1.94
08/11/2024,12.23,-0.12,79.83,2.90,2.42,2.10
09/11/2024,12.33,-0.07,79.68,2.92,2.83,2.43
10/11/2024,12.43,-0.02,79.61,2.94,3.17,2.87
11/11/2024,12.53,0.06,79.30,2.84,3.37,3.30
12/11/2024,12.67,0.12,79.11,2.73,3.44,3.70
13/11/2024,12.88,0.27,78.86,2.62,3.47,4.15
14/11/2024,13.09,0.46,78.59,2.49,3.45,4.42
15/11/2024,13.28,0.64,78.47,2.33,3.41,4.67
16/11/2024,13.47,0.84,78.42,2.14,3.31,4.86
17/11/2024,13.66,,78.39,1.98,3.20,5.00
18/11/2024,13.85,,78.43,1.84,3.05,5.08
19/11/2024,13.97,,78.49,1.74,2.81,5.13
20/11/2024,14.07,1.46,78.54,1.69,2.64,5.13
21/11/2024,14.15,1.49,78.56,1.71,2.57,5.10
22/11/2024,14.18,1.54,78.58,1.77,2.50,5.06
23/11/2024,14.20,1.55,78.60,1.80,2.48,5.00
24/11/2024,14.22,1.56,78.72,1.96,2.52,4.96
25/11/2024,14.25,1.56,78.86,2.09,2.60,4.91
26/11/2024,14.26,1.57,79.24,2.16,2.72,4.87
27/11/2024,14.28,1.60,79.74,2.23,2.83,4.85
28/11/2024,14.30,1.64,80.11,2.56,3.02,4.85
29/11/2024,14.33,1.68,80.43,2.92,3.15,4.87
30/11/2024,14.37,1.72,80.63,3.31,3.35,4.90
01/12/2024,14.41,1.77,80.79,3.64,3.65,4.95
02/12/2024,14.45,1.81,80.91,3.89,3.87,5.00
03/12/2024,14.49,1.88,81.05,4.09,4.08,5.10
04/12/2024,14.57,1.95,81.15,4.24,4.30,5.22
05/12/2024,14.65,2.01,81.27,4.37,4.48,5.36
06/12/2024,14.75,2.13,81.39,4.49,4.64,5.54
07/12/2024,14.86,2.24,81.45,4.64,4.82,5.76
08/12/2024,14.98,2.34,81.45,4.79,5.00,5.95
09/12/2024,15.10,2.42,81.45,4.94,5.17,6.12
10/12/2024,15.23,2.51,81.45,5.18,5.48,6.30
11/12/2024,15.34,2.58,81.47,5.38,5.60,6.48
12/12/2024,15.44,2.69,81.60,5.56,5.86,6.66
13/12/2024,15.54,2.80,81.74,5.71,6.17,6.85
14/12/2024,15.66,2.90,81.85,5.82,6.41,7.03
15/12/2024,15.78,3.03,81.97,5.94,6.65,7.21
16/12/2024,15.91,3.16,82.07,6.09,6.86,7.42
17/12/2024,16.06,3.31,82.10,6.24,7.03,7.68
18/12/2024,16.20,3.44,82.21,6.39,7.26,8.02
19/12/2024,16.34,3.60,82.26,6.54,7.42,8.15
20/12/2024,16.49,3.72,82.34,6.62,7.68,8.30
21/12/2024,16.64,3.85,82.47,6.71,7.70,8.42
22/12/2024,16.79,3.98,82.59,6.82,7.86,8.54
23/12/2024,16.94,4.10,82.71,6.98,7.99,8.63
24/12/2024,17.09,4.22,83.55,7.28,8.17,8.77
25/12/2024,17.23,4.40,83.73,7.53,8.38,8.94
26/12/2024,17.38,4.48,83.79,7.74,8.60,9.10
27/12/2024,17.54,4.61,83.76,7.93,8.80,9.30
28/12/2024,17.71,4.74,83.80,8.13,9.01,9.52
29/12/2024,17.88,4.87,83.86,8.24,9.21,9.76
30/12/2024,18.05,5.04,83.87,8.34,9.32,9.96
31/12/2024,18.22,5.21,83.88,8.42,9.44,10.15
01/01/2025,18.40,5.39,83.91,8.48,9.55,10.34
02/01/2025,18.58,5.54,83.97,8.56,9.65,10.52
03/01/2025,18.78,5.70,84.03,8.65,9.74,10.72
04/01/2025,18.99,5.87,84.07,8.72,9.84,10.88
05/01/2025,19.20,6.08,84.10,8.79,9.94,11.05
06/01/2025,19.41,6.25,84.10,8.83,10.00,11.23
07/01/2025,19.61,6.40,84.09,8.87,10.07,11.34
08/01/2025,19.80,6.47,84.09,8.88,10.12,11.46
09/01/2025,19.99,6.63,84.10,8.88,10.16,11.60
10/01/2025,20.15,6.80,84.10,8.86,10.20,11.70
11/01/2025,20.29,6.97,84.10,8.90,10.20,11.81
12/01/2025,20.43,7.09,84.11,8.96,10.21,11.92
13/01/2025,20.56,7.19,84.11,9.02,10.25,12.02
14/01/2025,20.68,7.30,83.99,9.07,10.30,12.15
15/01/2025,20.79,7.41,83.90,9.13,10.34,12.23
16/01/2025,20.90,7.52,83.80,9.11,10.37,12.31
17/01/2025,21.00,7.66,83.54,9.04,10.38,12.40
18/01/2025,21.13,7.77,83.38,8.96,10.36,12.46
19/01/2025,21.25,7.89,83.26,8.81,10.30,12.54
20/01/2025,21.38,8.00,83.19,8.64,10.26,12.60
21/01/2025,21.48,8.10,82.78,8.38,10.19,12.67
22/01/2025,21.58,8.20,82.58,8.14,10.05,12.69
23/01/2025,21.68,8.31,82.39,7.96,9.89,12.78
24/01/2025,21.77,8.40,82.25,7.83,9.70,12.80
25/01/2025,21.86,8.50,82.13,7.58,9.46,12.82
26/01/2025,21.95,8.60,82.03,7.35,9.24,12.80
27/01/2025,22.03,8.72,81.94,7.09,8.97,12.79
28/01/2025,22.09,8.74,81.94,6.80,8.70,12.76
29/01/2025,22.13,8.79,81.93,6.48,8.40,12.70
30/01/2025,22.17,8.86,81.88,6.28,8.17,12.65
31/01/2025,22.20,8.93,81.93,6.22,7.94,12.58
01/02/2025,22.21,8.96,81.85,6.36,7.78,12.58
02/02/2025,22.21,9.03,81.89,6.38,7.66,12.48
03/02/2025,22.21,9.07,81.99,6.42,7.60,12.30
04/02/2025,22.21,9.10,82.04,6.54,7.56,12.18
05/02/2025,22.23,9.12,82.12,6.68,7.53,12.08
06/02/2025,22.23,9.14,82.19,6.74,7.72,12.00
07/02/2025,22.22,9.15,82.22,6.84,7.84,11.90
08/02/2025,22.24,9.17,82.35,7.19,8.01,11.84
09/02/2025,22.26,9.20,82.40,7.40,8.21,11.88
10/02/2025,22.29,9.27,82.53,7.52,8.45,11.84
11/02/2025,22.33,9.29,82.71,7.63,8.65,11.84
12/02/2025,22.35,9.32,82.92,7.78,8.86,11.90
13/02/2025,22.39,9.39,83.11,7.99,9.06,11.95
14/02/2025,22.46,9.43,83.29,8.40,9.41,12.01
15/02/2025,22.55,9.52,83.43,8.69,9.73,12.17
16/02/2025,22.64,9.60,83.51,8.86,9.99,12.37
17/02/2025,22.73,9.67,83.58,8.95,10.17,12.40
18/02/2025,22.83,9.71,83.68,9.09,10.39,12.53
19/02/2025,22.93,9.78,83.74,9.15,10.51,12.68
20/02/2025,23.01,9.89,83.78,9.22,10.59,12.80
21/02/2025,23.10,9.98,83.84,9.31,10.71,12.94
22/02/2025,23.21,10.07,83.93,9.37,10.79,13.08
23/02/2025,23.33,10.17,84.05,9.48,10.90,13.21
24/02/2025,23.45,10.24,84.18,9.60,10.96,13.37
25/02/2025,23.57,10.33,84.33,9.73,11.05,13.53
26/02/2025,23.67,10.41,84.47,9.84,11.13,13.66
27/02/2025,23.79,10.49,84.57,9.98,11.30,13.77
28/02/2025,23.91,10.52,84.67,10.11,11.30,13.80
01/03/2025,,10.58,,10.20,11.36,13.98
